<?xml version="1.0" encoding="UTF-8"?>
<mesh>
    <sharedgeometry vertexcount="262">
        <vertexbuffer normals="true" texture_coords="1" colours_diffuse="False" positions="true">
            <vertex>
                <position y="1.405255" x="4.241762" z="-2.234993"/>
                <normal y="-0.337321" x="0.297861" z="-0.893002"/>
                <texcoord v="0.204514" u="0.203016"/>
            </vertex>
            <vertex>
                <position y="0.901919" x="4.335729" z="-2.029984"/>
                <normal y="-0.441572" x="0.255928" z="-0.859920"/>
                <texcoord v="0.225024" u="0.218675"/>
            </vertex>
            <vertex>
                <position y="0.316374" x="3.334763" z="-1.770305"/>
                <normal y="-0.775567" x="-0.084201" z="-0.625599"/>
                <texcoord v="0.212656" u="0.281912"/>
            </vertex>
            <vertex>
                <position y="1.388484" x="3.314703" z="-2.410750"/>
                <normal y="-0.424360" x="0.024323" z="-0.905148"/>
                <texcoord v="0.168585" u="0.240533"/>
            </vertex>
            <vertex>
                <position y="0.734321" x="4.635580" z="-1.833212"/>
                <normal y="-0.561815" x="0.444929" z="-0.697409"/>
                <texcoord v="0.242371" u="0.217303"/>
            </vertex>
            <vertex>
                <position y="-0.004617" x="3.789645" z="-1.416594"/>
                <normal y="-0.940733" x="0.073641" z="-0.330973"/>
                <texcoord v="0.238535" u="0.278883"/>
            </vertex>
            <vertex>
                <position y="0.906053" x="5.068235" z="-1.574270"/>
                <normal y="-0.601581" x="0.587695" z="-0.540971"/>
                <texcoord v="0.262895" u="0.202517"/>
            </vertex>
            <vertex>
                <position y="0.222147" x="4.916464" z="-0.488119"/>
                <normal y="-0.851802" x="0.522446" z="-0.037904"/>
                <texcoord v="0.303781" u="0.255814"/>
            </vertex>
            <vertex>
                <position y="1.190328" x="5.373110" z="-1.637315"/>
                <normal y="-0.314890" x="0.734733" z="-0.600787"/>
                <texcoord v="0.269616" u="0.183540"/>
            </vertex>
            <vertex>
                <position y="1.311829" x="5.723252" z="-0.566844"/>
                <normal y="-0.235755" x="0.969481" z="-0.067110"/>
                <texcoord v="0.324862" u="0.193340"/>
            </vertex>
            <vertex>
                <position y="1.923307" x="5.422855" z="-1.589726"/>
                <normal y="0.135899" x="0.818140" z="-0.558672"/>
                <texcoord v="0.278583" u="0.147676"/>
            </vertex>
            <vertex>
                <position y="2.397428" x="5.427915" z="-0.970274"/>
                <normal y="0.232582" x="0.942564" z="-0.239662"/>
                <texcoord v="0.329439" u="0.133547"/>
            </vertex>
            <vertex>
                <position y="1.923307" x="5.422855" z="-1.589726"/>
                <normal y="0.135899" x="0.818140" z="-0.558672"/>
                <texcoord v="0.235434" u="0.127406"/>
            </vertex>
            <vertex>
                <position y="2.104838" x="4.954023" z="-1.820992"/>
                <normal y="0.114658" x="0.732078" z="-0.671468"/>
                <texcoord v="0.211404" u="0.142452"/>
            </vertex>
            <vertex>
                <position y="3.174039" x="5.004333" z="-1.591153"/>
                <normal y="0.343059" x="0.808588" z="-0.477981"/>
                <texcoord v="0.169945" u="0.100890"/>
            </vertex>
            <vertex>
                <position y="2.397428" x="5.427915" z="-0.970274"/>
                <normal y="0.232582" x="0.942564" z="-0.239662"/>
                <texcoord v="0.222789" u="0.084845"/>
            </vertex>
            <vertex>
                <position y="1.992298" x="4.671726" z="-2.216118"/>
                <normal y="-0.089084" x="0.633534" z="-0.768548"/>
                <texcoord v="0.199534" u="0.166241"/>
            </vertex>
            <vertex>
                <position y="3.052412" x="4.401015" z="-2.345267"/>
                <normal y="0.259835" x="0.531449" z="-0.806238"/>
                <texcoord v="0.147633" u="0.142925"/>
            </vertex>
            <vertex>
                <position y="1.756412" x="4.279410" z="-2.311226"/>
                <normal y="-0.242042" x="0.362011" z="-0.900174"/>
                <texcoord v="0.193922" u="0.189777"/>
            </vertex>
            <vertex>
                <position y="2.360181" x="3.822881" z="-2.680686"/>
                <normal y="-0.050722" x="0.233924" z="-0.970916"/>
                <texcoord v="0.149800" u="0.188867"/>
            </vertex>
            <vertex>
                <position y="0.310422" x="2.666863" z="-1.553738"/>
                <normal y="-0.846126" x="-0.176366" z="-0.502914"/>
                <texcoord v="0.198492" u="0.314801"/>
            </vertex>
            <vertex>
                <position y="1.513884" x="2.066231" z="-2.378448"/>
                <normal y="-0.439131" x="-0.213996" z="-0.872524"/>
                <texcoord v="0.120542" u="0.286623"/>
            </vertex>
            <vertex>
                <position y="0.148945" x="3.683001" z="-0.499787"/>
                <normal y="-0.995849" x="-0.001953" z="0.090732"/>
                <texcoord v="0.275183" u="0.308609"/>
            </vertex>
            <vertex>
                <position y="0.242978" x="4.738563" z="0.200880"/>
                <normal y="-0.783074" x="0.400586" z="0.475692"/>
                <texcoord v="0.329780" u="0.275887"/>
            </vertex>
            <vertex>
                <position y="1.301922" x="5.606977" z="0.284036"/>
                <normal y="-0.200568" x="0.830836" z="0.519059"/>
                <texcoord v="0.357247" u="0.216545"/>
            </vertex>
            <vertex>
                <position y="2.849496" x="5.437236" z="-0.318451"/>
                <normal y="0.373516" x="0.896908" z="0.236549"/>
                <texcoord v="0.382421" u="0.137712"/>
            </vertex>
            <vertex>
                <position y="3.904767" x="4.808278" z="-1.146403"/>
                <normal y="0.673544" x="0.703207" z="-0.227607"/>
                <texcoord v="0.136677" u="0.069489"/>
            </vertex>
            <vertex>
                <position y="2.849496" x="5.437236" z="-0.318451"/>
                <normal y="0.373516" x="0.896908" z="0.236549"/>
                <texcoord v="0.207108" u="0.040935"/>
            </vertex>
            <vertex>
                <position y="3.902759" x="3.968410" z="-2.143805"/>
                <normal y="0.652058" x="0.318369" z="-0.688040"/>
                <texcoord v="0.102829" u="0.123974"/>
            </vertex>
            <vertex>
                <position y="2.688917" x="2.724648" z="-2.826476"/>
                <normal y="0.110843" x="-0.039827" z="-0.993011"/>
                <texcoord v="0.098423" u="0.217756"/>
            </vertex>
            <vertex>
                <position y="0.227643" x="1.516288" z="-0.982937"/>
                <normal y="-0.790094" x="-0.582629" z="-0.190405"/>
                <texcoord v="0.179018" u="0.378351"/>
            </vertex>
            <vertex>
                <position y="1.965671" x="1.023251" z="-2.301941"/>
                <normal y="-0.198614" x="-0.755242" z="-0.624592"/>
                <texcoord v="0.068044" u="0.314376"/>
            </vertex>
            <vertex>
                <position y="0.050243" x="2.414860" z="-0.086190"/>
                <normal y="-0.959502" x="-0.224372" z="0.170202"/>
                <texcoord v="0.258728" u="0.375147"/>
            </vertex>
            <vertex>
                <position y="0.465602" x="3.887058" z="0.662607"/>
                <normal y="-0.813105" x="0.305277" z="0.495590"/>
                <texcoord v="0.348095" u="0.319057"/>
            </vertex>
            <vertex>
                <position y="1.804359" x="4.722230" z="0.798987"/>
                <normal y="-0.141636" x="0.753136" z="0.642384"/>
                <texcoord v="0.407815" u="0.236894"/>
            </vertex>
            <vertex>
                <position y="3.680359" x="4.925095" z="0.071847"/>
                <normal y="0.553178" x="0.804163" z="0.217444"/>
                <texcoord v="0.439578" u="0.125832"/>
            </vertex>
            <vertex>
                <position y="4.315700" x="3.982326" z="-0.997299"/>
                <normal y="0.885495" x="0.419202" z="-0.200354"/>
                <texcoord v="0.089560" u="0.062832"/>
            </vertex>
            <vertex>
                <position y="3.680359" x="4.925095" z="0.071847"/>
                <normal y="0.553178" x="0.804163" z="0.217444"/>
                <texcoord v="0.158676" u="0.012853"/>
            </vertex>
            <vertex>
                <position y="4.331176" x="2.977669" z="-1.729394"/>
                <normal y="0.847835" x="-0.062288" z="-0.526536"/>
                <texcoord v="0.044562" u="0.124206"/>
            </vertex>
            <vertex>
                <position y="3.246824" x="1.452084" z="-2.466800"/>
                <normal y="0.422926" x="-0.548448" z="-0.721305"/>
                <texcoord v="0.029102" u="0.241553"/>
            </vertex>
            <vertex>
                <position y="1.965671" x="1.023251" z="-2.301941"/>
                <normal y="-0.198614" x="-0.755242" z="-0.624592"/>
                <texcoord v="0.510995" u="0.091523"/>
            </vertex>
            <vertex>
                <position y="0.227643" x="1.516288" z="-0.982937"/>
                <normal y="-0.790094" x="-0.582629" z="-0.190405"/>
                <texcoord v="0.625016" u="0.029267"/>
            </vertex>
            <vertex>
                <position y="1.051220" x="1.338698" z="-0.036015"/>
                <normal y="-0.452956" x="-0.846706" z="0.279031"/>
                <texcoord v="0.643276" u="0.092638"/>
            </vertex>
            <vertex>
                <position y="2.206747" x="0.763477" z="-0.974102"/>
                <normal y="0.005890" x="-0.999298" z="0.036287"/>
                <texcoord v="0.569500" u="0.130685"/>
            </vertex>
            <vertex>
                <position y="0.050243" x="2.414860" z="-0.086190"/>
                <normal y="-0.959502" x="-0.224372" z="0.170202"/>
                <texcoord v="0.707769" u="0.032360"/>
            </vertex>
            <vertex>
                <position y="0.500359" x="2.332973" z="1.110976"/>
                <normal y="-0.772515" x="-0.413129" z="0.482162"/>
                <texcoord v="0.726015" u="0.093865"/>
            </vertex>
            <vertex>
                <position y="0.465602" x="3.887058" z="0.662607"/>
                <normal y="-0.813105" x="0.305277" z="0.495590"/>
                <texcoord v="0.812317" u="0.067103"/>
            </vertex>
            <vertex>
                <position y="0.836747" x="3.453657" z="1.955864"/>
                <normal y="-0.588336" x="0.253578" z="0.767785"/>
                <texcoord v="0.786573" u="0.129364"/>
            </vertex>
            <vertex>
                <position y="1.804359" x="4.722230" z="0.798987"/>
                <normal y="-0.141636" x="0.753136" z="0.642384"/>
                <texcoord v="0.883631" u="0.139071"/>
            </vertex>
            <vertex>
                <position y="2.077732" x="4.215095" z="1.798706"/>
                <normal y="-0.113437" x="0.659536" z="0.743034"/>
                <texcoord v="0.838076" u="0.177225"/>
            </vertex>
            <vertex>
                <position y="3.680359" x="4.925095" z="0.071847"/>
                <normal y="0.553178" x="0.804163" z="0.217444"/>
                <texcoord v="0.949876" u="0.230789"/>
            </vertex>
            <vertex>
                <position y="3.949359" x="4.557881" z="1.324263"/>
                <normal y="0.443251" x="0.741935" z="0.503006"/>
                <texcoord v="0.885012" u="0.266423"/>
            </vertex>
            <vertex>
                <position y="3.680359" x="4.925095" z="0.071847"/>
                <normal y="0.553178" x="0.804163" z="0.217444"/>
                <texcoord v="0.529564" u="0.433823"/>
            </vertex>
            <vertex>
                <position y="4.315700" x="3.982326" z="-0.997299"/>
                <normal y="0.885495" x="0.419202" z="-0.200354"/>
                <texcoord v="0.492182" u="0.356671"/>
            </vertex>
            <vertex>
                <position y="4.693908" x="3.707171" z="0.269327"/>
                <normal y="0.921384" x="0.387707" z="-0.026429"/>
                <texcoord v="0.562920" u="0.360730"/>
            </vertex>
            <vertex>
                <position y="3.949359" x="4.557881" z="1.324263"/>
                <normal y="0.443251" x="0.741935" z="0.503006"/>
                <texcoord v="0.602676" u="0.430644"/>
            </vertex>
            <vertex>
                <position y="4.331176" x="2.977669" z="-1.729394"/>
                <normal y="0.847835" x="-0.062288" z="-0.526536"/>
                <texcoord v="0.472350" u="0.283481"/>
            </vertex>
            <vertex>
                <position y="4.786085" x="2.543392" z="-0.659769"/>
                <normal y="0.945158" x="-0.174627" z="-0.275979"/>
                <texcoord v="0.534391" u="0.290075"/>
            </vertex>
            <vertex>
                <position y="3.246824" x="1.452084" z="-2.466800"/>
                <normal y="0.422926" x="-0.548448" z="-0.721305"/>
                <texcoord v="0.470716" u="0.165179"/>
            </vertex>
            <vertex>
                <position y="3.404305" x="1.193852" z="-1.204125"/>
                <normal y="0.515671" x="-0.851283" z="-0.096835"/>
                <texcoord v="0.533751" u="0.187062"/>
            </vertex>
            <vertex>
                <position y="1.464303" x="1.298615" z="0.295790"/>
                <normal y="-0.348796" x="-0.869778" z="0.348918"/>
                <texcoord v="0.646772" u="0.120885"/>
            </vertex>
            <vertex>
                <position y="2.514103" x="0.950538" z="-0.270830"/>
                <normal y="0.094607" x="-0.987762" z="0.123783"/>
                <texcoord v="0.596582" u="0.159714"/>
            </vertex>
            <vertex>
                <position y="1.134385" x="2.322792" z="1.567806"/>
                <normal y="-0.580584" x="-0.590869" z="0.560137"/>
                <texcoord v="0.729970" u="0.131746"/>
            </vertex>
            <vertex>
                <position y="1.192554" x="2.974649" z="2.159385"/>
                <normal y="-0.432203" x="-0.073977" z="0.898709"/>
                <texcoord v="0.770337" u="0.146943"/>
            </vertex>
            <vertex>
                <position y="2.228060" x="3.547945" z="1.865463"/>
                <normal y="0.050386" x="0.375439" z="0.925443"/>
                <texcoord v="0.808403" u="0.195115"/>
            </vertex>
            <vertex>
                <position y="4.206032" x="3.968406" z="1.652878"/>
                <normal y="0.586657" x="0.320109" z="0.743858"/>
                <texcoord v="0.846008" u="0.292928"/>
            </vertex>
            <vertex>
                <position y="4.771585" x="3.467617" z="0.752067"/>
                <normal y="0.949339" x="0.115848" z="0.292062"/>
                <texcoord v="0.590681" u="0.356971"/>
            </vertex>
            <vertex>
                <position y="4.206032" x="3.968406" z="1.652878"/>
                <normal y="0.586657" x="0.320109" z="0.743858"/>
                <texcoord v="0.633290" u="0.398935"/>
            </vertex>
            <vertex>
                <position y="4.746976" x="2.297582" z="-0.226863"/>
                <normal y="0.943785" x="-0.319834" z="-0.083285"/>
                <texcoord v="0.556966" u="0.287426"/>
            </vertex>
            <vertex>
                <position y="4.133718" x="1.601581" z="-0.548174"/>
                <normal y="0.617939" x="-0.738426" z="-0.269936"/>
                <texcoord v="0.555656" u="0.237698"/>
            </vertex>
            <vertex>
                <position y="3.351230" x="1.330766" z="-0.912183"/>
                <normal y="0.293008" x="-0.942289" z="0.161962"/>
                <texcoord v="0.549496" u="0.192328"/>
            </vertex>
            <vertex>
                <position y="2.114177" x="1.116191" z="0.756212"/>
                <normal y="-0.296854" x="-0.911374" z="0.284982"/>
                <texcoord v="0.650215" u="0.164848"/>
            </vertex>
            <vertex>
                <position y="2.723616" x="1.031525" z="0.202232"/>
                <normal y="0.107456" x="-0.993316" z="0.041505"/>
                <texcoord v="0.615832" u="0.180304"/>
            </vertex>
            <vertex>
                <position y="1.646393" x="2.051074" z="1.809821"/>
                <normal y="-0.466475" x="-0.661092" z="0.587634"/>
                <texcoord v="0.721647" u="0.162512"/>
            </vertex>
            <vertex>
                <position y="1.673208" x="2.658062" z="2.494583"/>
                <normal y="-0.213965" x="-0.069521" z="0.974334"/>
                <texcoord v="0.760027" u="0.172277"/>
            </vertex>
            <vertex>
                <position y="2.550866" x="3.115096" z="2.215514"/>
                <normal y="0.244881" x="0.192785" z="0.950163"/>
                <texcoord v="0.781269" u="0.214607"/>
            </vertex>
            <vertex>
                <position y="4.044558" x="3.214601" z="1.649972"/>
                <normal y="0.532243" x="-0.103000" z="0.840297"/>
                <texcoord v="0.797083" u="0.294270"/>
            </vertex>
            <vertex>
                <position y="4.408007" x="2.739206" z="1.015157"/>
                <normal y="0.779168" x="-0.263894" z="0.568529"/>
                <texcoord v="0.620961" u="0.323858"/>
            </vertex>
            <vertex>
                <position y="4.044558" x="3.214601" z="1.649972"/>
                <normal y="0.532243" x="-0.103000" z="0.840297"/>
                <texcoord v="0.653206" u="0.355872"/>
            </vertex>
            <vertex>
                <position y="4.553218" x="1.880829" z="0.406900"/>
                <normal y="0.872494" x="-0.399274" z="0.281564"/>
                <texcoord v="0.594706" u="0.277557"/>
            </vertex>
            <vertex>
                <position y="4.251375" x="1.287183" z="0.375049"/>
                <normal y="0.624317" x="-0.763634" z="0.164525"/>
                <texcoord v="0.602198" u="0.250056"/>
            </vertex>
            <vertex>
                <position y="3.589423" x="1.320179" z="0.121973"/>
                <normal y="0.296426" x="-0.954192" z="-0.040162"/>
                <texcoord v="0.599066" u="0.220516"/>
            </vertex>
            <vertex>
                <position y="2.692809" x="1.979884" z="2.054931"/>
                <normal y="0.236213" x="-0.255623" z="0.937437"/>
                <texcoord v="0.719486" u="0.223042"/>
            </vertex>
            <vertex>
                <position y="2.928753" x="1.492646" z="1.976922"/>
                <normal y="0.133549" x="-0.491256" z="0.860683"/>
                <texcoord v="0.694899" u="0.230915"/>
            </vertex>
            <vertex>
                <position y="3.153827" x="2.076463" z="1.653646"/>
                <normal y="0.459029" x="0.042665" z="0.887356"/>
                <texcoord v="0.722168" u="0.255352"/>
            </vertex>
            <vertex>
                <position y="3.500771" x="2.306026" z="1.476076"/>
                <normal y="0.474258" x="-0.160680" z="0.865566"/>
                <texcoord v="0.734505" u="0.275953"/>
            </vertex>
            <vertex>
                <position y="3.797806" x="2.155340" z="1.325006"/>
                <normal y="0.630024" x="-0.264931" z="0.729942"/>
                <texcoord v="0.658077" u="0.290909"/>
            </vertex>
            <vertex>
                <position y="3.500771" x="2.306026" z="1.476076"/>
                <normal y="0.474258" x="-0.160680" z="0.865566"/>
                <texcoord v="0.675510" u="0.298445"/>
            </vertex>
            <vertex>
                <position y="3.044364" x="1.293724" z="1.776946"/>
                <normal y="0.137059" x="-0.762139" z="0.632710"/>
                <texcoord v="0.682877" u="0.232391"/>
            </vertex>
            <vertex>
                <position y="3.274833" x="1.220335" z="1.602412"/>
                <normal y="0.334727" x="-0.809442" z="0.482406"/>
                <texcoord v="0.673219" u="0.238651"/>
            </vertex>
            <vertex>
                <position y="3.556052" x="1.760440" z="1.401746"/>
                <normal y="0.751701" x="-0.335795" z="0.567553"/>
                <texcoord v="0.668471" u="0.267289"/>
            </vertex>
            <vertex>
                <position y="3.509902" x="1.568501" z="1.396788"/>
                <normal y="0.712973" x="-0.453261" z="0.534959"/>
                <texcoord v="0.667669" u="0.255905"/>
            </vertex>
            <vertex>
                <position y="3.451872" x="1.296397" z="1.537163"/>
                <normal y="0.553209" x="-0.698019" z="0.454634"/>
                <texcoord v="0.670393" u="0.245869"/>
            </vertex>
            <vertex>
                <position y="1.470455" x="4.767651" z="-1.974912"/>
                <normal y="-0.191656" x="0.508866" z="-0.839198"/>
                <texcoord v="0.229355" u="0.177772"/>
            </vertex>
            <vertex>
                <position y="3.303138" x="1.620831" z="1.707464"/>
                <normal y="0.632191" x="-0.028230" z="0.774255"/>
                <texcoord v="0.690476" u="0.256279"/>
            </vertex>
            <vertex>
                <position y="2.082813" x="-4.547109" z="0.117747"/>
                <normal y="0.082888" x="-0.935514" z="-0.343394"/>
                <texcoord v="0.631923" u="0.547317"/>
            </vertex>
            <vertex>
                <position y="1.532647" x="-4.585453" z="0.035621"/>
                <normal y="-0.052736" x="-0.956603" z="-0.286477"/>
                <texcoord v="0.655983" u="0.542033"/>
            </vertex>
            <vertex>
                <position y="0.975958" x="-4.594921" z="1.216805"/>
                <normal y="-0.449629" x="-0.886380" z="0.109958"/>
                <texcoord v="0.695112" u="0.601118"/>
            </vertex>
            <vertex>
                <position y="2.214415" x="-4.736008" z="1.114632"/>
                <normal y="0.039521" x="-0.999115" z="-0.012024"/>
                <texcoord v="0.638140" u="0.603318"/>
            </vertex>
            <vertex>
                <position y="1.275856" x="-4.461929" z="-0.253844"/>
                <normal y="-0.291787" x="-0.816309" z="-0.498428"/>
                <texcoord v="0.666006" u="0.529259"/>
            </vertex>
            <vertex>
                <position y="0.503274" x="-4.382123" z="0.790822"/>
                <normal y="-0.756767" x="-0.651326" z="-0.055116"/>
                <texcoord v="0.707660" u="0.581377"/>
            </vertex>
            <vertex>
                <position y="1.293613" x="-4.097610" z="-0.642171"/>
                <normal y="-0.439161" x="-0.631489" z="-0.638997"/>
                <texcoord v="0.671316" u="0.506320"/>
            </vertex>
            <vertex>
                <position y="0.246220" x="-3.271644" z="-0.152054"/>
                <normal y="-0.854060" x="-0.224372" z="-0.469253"/>
                <texcoord v="0.742916" u="0.524204"/>
            </vertex>
            <vertex>
                <position y="1.553648" x="-4.022738" z="-0.986574"/>
                <normal y="-0.084902" x="-0.541063" z="-0.836665"/>
                <texcoord v="0.664949" u="0.488774"/>
            </vertex>
            <vertex>
                <position y="1.207743" x="-2.804147" z="-1.001594"/>
                <normal y="-0.303842" x="0.073336" z="-0.949858"/>
                <texcoord v="0.722187" u="0.462214"/>
            </vertex>
            <vertex>
                <position y="2.200972" x="-3.593932" z="-0.959332"/>
                <normal y="0.321146" x="-0.233985" z="-0.917631"/>
                <texcoord v="0.653369" u="0.453571"/>
            </vertex>
            <vertex>
                <position y="2.387178" x="-2.678851" z="-0.708068"/>
                <normal y="0.150029" x="0.093326" z="-0.984252"/>
                <texcoord v="0.699677" u="0.406123"/>
            </vertex>
            <vertex>
                <position y="2.200972" x="-3.593932" z="-0.959332"/>
                <normal y="0.321146" x="-0.233985" z="-0.917631"/>
                <texcoord v="0.584413" u="0.479316"/>
            </vertex>
            <vertex>
                <position y="2.498276" x="-3.745792" z="-0.487453"/>
                <normal y="0.380139" x="-0.455275" z="-0.805078"/>
                <texcoord v="0.584550" u="0.507787"/>
            </vertex>
            <vertex>
                <position y="3.524676" x="-3.052020" z="-0.667735"/>
                <normal y="0.487320" x="-0.263710" z="-0.832423"/>
                <texcoord v="0.522953" u="0.526576"/>
            </vertex>
            <vertex>
                <position y="2.387178" x="-2.678851" z="-0.708068"/>
                <normal y="0.150029" x="0.093326" z="-0.984252"/>
                <texcoord v="0.527223" u="0.467342"/>
            </vertex>
            <vertex>
                <position y="2.576690" x="-4.228800" z="-0.313162"/>
                <normal y="0.298746" x="-0.644429" z="-0.703848"/>
                <texcoord v="0.600815" u="0.529539"/>
            </vertex>
            <vertex>
                <position y="3.563760" x="-3.735020" z="0.146511"/>
                <normal y="0.679250" x="-0.571947" z="-0.459853"/>
                <texcoord v="0.550796" u="0.568214"/>
            </vertex>
            <vertex>
                <position y="2.431395" x="-4.449122" z="0.080396"/>
                <normal y="0.219642" x="-0.872097" z="-0.437208"/>
                <texcoord v="0.615726" u="0.547702"/>
            </vertex>
            <vertex>
                <position y="3.169175" x="-4.533214" z="0.528790"/>
                <normal y="0.480239" x="-0.831782" z="-0.278329"/>
                <texcoord v="0.589941" u="0.583908"/>
            </vertex>
            <vertex>
                <position y="0.939132" x="-4.356019" z="2.055507"/>
                <normal y="-0.542375" x="-0.793023" z="0.277291"/>
                <texcoord v="0.712568" u="0.642617"/>
            </vertex>
            <vertex>
                <position y="2.419435" x="-4.622681" z="2.564766"/>
                <normal y="0.183416" x="-0.892972" z="0.410993"/>
                <texcoord v="0.641848" u="0.679872"/>
            </vertex>
            <vertex>
                <position y="0.285919" x="-3.308484" z="1.247271"/>
                <normal y="-0.949644" x="-0.303140" z="0.079196"/>
                <texcoord v="0.766544" u="0.588457"/>
            </vertex>
            <vertex>
                <position y="0.004444" x="-2.512455" z="0.294028"/>
                <normal y="-0.943937" x="0.169652" z="-0.283151"/>
                <texcoord v="0.785155" u="0.527550"/>
            </vertex>
            <vertex>
                <position y="0.868018" x="-1.886085" z="-0.572223"/>
                <normal y="-0.481674" x="0.501511" z="-0.718619"/>
                <texcoord v="0.773595" u="0.462103"/>
            </vertex>
            <vertex>
                <position y="2.578704" x="-1.645218" z="-0.643279"/>
                <normal y="0.093020" x="0.537004" z="-0.838404"/>
                <texcoord v="0.761474" u="0.376563"/>
            </vertex>
            <vertex>
                <position y="4.222885" x="-2.071738" z="-0.332872"/>
                <normal y="0.752037" x="0.156957" z="-0.640126"/>
                <texcoord v="0.469054" u="0.549636"/>
            </vertex>
            <vertex>
                <position y="2.578704" x="-1.645218" z="-0.643279"/>
                <normal y="0.093020" x="0.537004" z="-0.838404"/>
                <texcoord v="0.457854" u="0.468050"/>
            </vertex>
            <vertex>
                <position y="4.248966" x="-3.107102" z="0.759345"/>
                <normal y="0.930570" x="-0.352458" z="-0.098910"/>
                <texcoord v="0.506960" u="0.609046"/>
            </vertex>
            <vertex>
                <position y="3.527549" x="-4.367604" z="1.780328"/>
                <normal y="0.661336" x="-0.723808" z="0.196722"/>
                <texcoord v="0.582999" u="0.649276"/>
            </vertex>
            <vertex>
                <position y="0.730283" x="-3.767624" z="3.562745"/>
                <normal y="-0.510605" x="-0.600421" z="0.615375"/>
                <texcoord v="0.750668" u="0.716946"/>
            </vertex>
            <vertex>
                <position y="2.714219" x="-3.778858" z="3.338576"/>
                <normal y="0.359996" x="-0.650838" z="0.668386"/>
                <texcoord v="0.629893" u="0.736409"/>
            </vertex>
            <vertex>
                <position y="0.135092" x="-2.897330" z="2.832509"/>
                <normal y="-0.931486" x="-0.262673" z="0.251564"/>
                <texcoord v="0.812334" u="0.659738"/>
            </vertex>
            <vertex>
                <position y="0.093842" x="-1.888106" z="1.449356"/>
                <normal y="-0.960173" x="0.184484" z="-0.209754"/>
                <texcoord v="0.842673" u="0.556374"/>
            </vertex>
            <vertex>
                <position y="1.194829" x="-1.059486" z="0.665471"/>
                <normal y="-0.489517" x="0.630634" z="-0.602161"/>
                <texcoord v="0.849748" u="0.455125"/>
            </vertex>
            <vertex>
                <position y="3.280843" x="-0.752368" z="0.134923"/>
                <normal y="0.327769" x="0.664998" z="-0.671041"/>
                <texcoord v="0.826531" u="0.334970"/>
            </vertex>
            <vertex>
                <position y="4.271533" x="-1.703174" z="1.114831"/>
                <normal y="0.913694" x="0.246559" z="-0.322977"/>
                <texcoord v="0.428048" u="0.606049"/>
            </vertex>
            <vertex>
                <position y="3.280843" x="-0.752368" z="0.134923"/>
                <normal y="0.327769" x="0.664998" z="-0.671041"/>
                <texcoord v="0.400631" u="0.516137"/>
            </vertex>
            <vertex>
                <position y="4.462398" x="-2.446256" z="2.016878"/>
                <normal y="0.952025" x="-0.262825" z="0.156682"/>
                <texcoord v="0.470691" u="0.673802"/>
            </vertex>
            <vertex>
                <position y="3.240446" x="-3.232668" z="2.880379"/>
                <normal y="0.719626" x="-0.505600" z="0.475845"/>
                <texcoord v="0.563504" u="0.726668"/>
            </vertex>
            <vertex>
                <position y="2.714219" x="-3.778858" z="3.338576"/>
                <normal y="0.359996" x="-0.650838" z="0.668386"/>
                <texcoord v="0.035643" u="0.746248"/>
            </vertex>
            <vertex>
                <position y="0.730283" x="-3.767624" z="3.562745"/>
                <normal y="-0.510605" x="-0.600421" z="0.615375"/>
                <texcoord v="0.028880" u="0.623345"/>
            </vertex>
            <vertex>
                <position y="1.119623" x="-2.315238" z="4.172513"/>
                <normal y="-0.430494" x="-0.262123" z="0.863674"/>
                <texcoord v="0.109846" u="0.644027"/>
            </vertex>
            <vertex>
                <position y="2.549452" x="-2.700140" z="4.246622"/>
                <normal y="0.264443" x="-0.441542" z="0.857356"/>
                <texcoord v="0.104002" u="0.720939"/>
            </vertex>
            <vertex>
                <position y="0.135092" x="-2.897330" z="2.832509"/>
                <normal y="-0.931486" x="-0.262673" z="0.251564"/>
                <texcoord v="0.073537" u="0.546968"/>
            </vertex>
            <vertex>
                <position y="0.074832" x="-1.367355" z="3.385936"/>
                <normal y="-0.887051" x="-0.012848" z="0.461440"/>
                <texcoord v="0.150637" u="0.572649"/>
            </vertex>
            <vertex>
                <position y="0.093842" x="-1.888106" z="1.449356"/>
                <normal y="-0.960173" x="0.184484" z="-0.209754"/>
                <texcoord v="0.154103" u="0.464893"/>
            </vertex>
            <vertex>
                <position y="-0.048013" x="-0.290869" z="2.430957"/>
                <normal y="-0.881222" x="0.449995" z="-0.144597"/>
                <texcoord v="0.210767" u="0.536221"/>
            </vertex>
            <vertex>
                <position y="1.194829" x="-1.059486" z="0.665471"/>
                <normal y="-0.489517" x="0.630634" z="-0.602161"/>
                <texcoord v="0.253122" u="0.433100"/>
            </vertex>
            <vertex>
                <position y="1.087026" x="0.170133" z="1.619783"/>
                <normal y="-0.458998" x="0.727103" z="-0.510483"/>
                <texcoord v="0.276401" u="0.510845"/>
            </vertex>
            <vertex>
                <position y="3.280843" x="-0.752368" z="0.134923"/>
                <normal y="0.327769" x="0.664998" z="-0.671041"/>
                <texcoord v="0.372784" u="0.408422"/>
            </vertex>
            <vertex>
                <position y="2.960425" x="0.617007" z="1.234412"/>
                <normal y="0.153264" x="0.798059" z="-0.582720"/>
                <texcoord v="0.377198" u="0.508428"/>
            </vertex>
            <vertex>
                <position y="3.280843" x="-0.752368" z="0.134923"/>
                <normal y="0.327769" x="0.664998" z="-0.671041"/>
                <texcoord v="0.287868" u="0.966248"/>
            </vertex>
            <vertex>
                <position y="4.271533" x="-1.703174" z="1.114831"/>
                <normal y="0.913694" x="0.246559" z="-0.322977"/>
                <texcoord v="0.203156" u="0.927623"/>
            </vertex>
            <vertex>
                <position y="4.133703" x="-0.132883" z="1.906863"/>
                <normal y="0.834895" x="0.425825" z="-0.348643"/>
                <texcoord v="0.271015" u="0.863922"/>
            </vertex>
            <vertex>
                <position y="2.960425" x="0.617007" z="1.234412"/>
                <normal y="0.153264" x="0.798059" z="-0.582720"/>
                <texcoord v="0.347294" u="0.887246"/>
            </vertex>
            <vertex>
                <position y="4.462398" x="-2.446256" z="2.016878"/>
                <normal y="0.952025" x="-0.262825" z="0.156682"/>
                <texcoord v="0.139642" u="0.884654"/>
            </vertex>
            <vertex>
                <position y="4.685802" x="-1.079241" z="2.921139"/>
                <normal y="0.991455" x="-0.090396" z="0.093722"/>
                <texcoord v="0.202919" u="0.832440"/>
            </vertex>
            <vertex>
                <position y="3.240446" x="-3.232668" z="2.880379"/>
                <normal y="0.719626" x="-0.505600" z="0.475845"/>
                <texcoord v="0.064959" u="0.804801"/>
            </vertex>
            <vertex>
                <position y="3.498499" x="-2.360054" z="3.797682"/>
                <normal y="0.612812" x="-0.391430" z="0.686422"/>
                <texcoord v="0.121603" u="0.775187"/>
            </vertex>
            <vertex>
                <position y="1.368100" x="-1.742389" z="4.372324"/>
                <normal y="-0.419630" x="-0.170995" z="0.891415"/>
                <texcoord v="0.142282" u="0.655481"/>
            </vertex>
            <vertex>
                <position y="2.574923" x="-1.823286" z="4.588177"/>
                <normal y="0.204779" x="-0.334361" z="0.919889"/>
                <texcoord v="0.152245" u="0.713406"/>
            </vertex>
            <vertex>
                <position y="0.472938" x="-0.545496" z="3.615596"/>
                <normal y="-0.781579" x="0.066103" z="0.620258"/>
                <texcoord v="0.191196" u="0.590792"/>
            </vertex>
            <vertex>
                <position y="0.235668" x="0.118285" z="3.082459"/>
                <normal y="-0.802210" x="0.583453" z="0.126530"/>
                <texcoord v="0.222625" u="0.564474"/>
            </vertex>
            <vertex>
                <position y="1.253000" x="0.327262" z="2.419668"/>
                <normal y="-0.323557" x="0.916532" z="-0.235054"/>
                <texcoord v="0.281855" u="0.553361"/>
            </vertex>
            <vertex>
                <position y="3.064586" x="0.862721" z="2.058521"/>
                <normal y="0.138218" x="0.972930" z="-0.185095"/>
                <texcoord v="0.378964" u="0.568371"/>
            </vertex>
            <vertex>
                <position y="4.031511" x="0.432808" z="2.356583"/>
                <normal y="0.686819" x="0.717399" z="-0.116520"/>
                <texcoord v="0.292642" u="0.832388"/>
            </vertex>
            <vertex>
                <position y="3.064586" x="0.862721" z="2.058521"/>
                <normal y="0.138218" x="0.972930" z="-0.185095"/>
                <texcoord v="0.346708" u="0.830487"/>
            </vertex>
            <vertex>
                <position y="4.497232" x="-0.627667" z="3.349843"/>
                <normal y="0.964965" x="0.151494" z="0.214209"/>
                <texcoord v="0.220121" u="0.811854"/>
            </vertex>
            <vertex>
                <position y="4.122320" x="-1.284243" z="3.976793"/>
                <normal y="0.693594" x="-0.349406" z="0.629933"/>
                <texcoord v="0.184491" u="0.782224"/>
            </vertex>
            <vertex>
                <position y="3.469227" x="-2.153689" z="3.747283"/>
                <normal y="0.123753" x="-0.149998" z="0.980895"/>
                <texcoord v="0.130763" u="0.771438"/>
            </vertex>
            <vertex>
                <position y="1.793506" x="-0.906584" z="4.801613"/>
                <normal y="-0.251961" x="0.079134" z="0.964476"/>
                <texcoord v="0.195012" u="0.675619"/>
            </vertex>
            <vertex>
                <position y="2.579515" x="-1.191752" z="4.760917"/>
                <normal y="0.198950" x="-0.090060" z="0.975829"/>
                <texcoord v="0.189033" u="0.706636"/>
            </vertex>
            <vertex>
                <position y="0.866964" x="-0.016404" z="4.057949"/>
                <normal y="-0.543138" x="0.229682" z="0.807611"/>
                <texcoord v="0.222080" u="0.616587"/>
            </vertex>
            <vertex>
                <position y="0.567458" x="0.732669" z="3.605786"/>
                <normal y="-0.512619" x="0.805719" z="0.296670"/>
                <texcoord v="0.241365" u="0.589693"/>
            </vertex>
            <vertex>
                <position y="1.483777" x="0.611266" z="3.035579"/>
                <normal y="-0.086154" x="0.995270" z="-0.044801"/>
                <texcoord v="0.284061" u="0.593025"/>
            </vertex>
            <vertex>
                <position y="2.979569" x="0.670808" z="2.751796"/>
                <normal y="0.030122" x="0.988311" z="0.149297"/>
                <texcoord v="0.355952" u="0.616020"/>
            </vertex>
            <vertex>
                <position y="3.653956" x="0.538452" z="3.247797"/>
                <normal y="0.387097" x="0.879849" z="0.275704"/>
                <texcoord v="0.290799" u="0.780923"/>
            </vertex>
            <vertex>
                <position y="2.979569" x="0.670808" z="2.751796"/>
                <normal y="0.030122" x="0.988311" z="0.149297"/>
                <texcoord v="0.331320" u="0.778883"/>
            </vertex>
            <vertex>
                <position y="4.101007" x="-0.036307" z="4.029930"/>
                <normal y="0.704031" x="0.578997" z="0.411176"/>
                <texcoord v="0.246032" u="0.771601"/>
            </vertex>
            <vertex>
                <position y="3.886734" x="-0.219879" z="4.669690"/>
                <normal y="0.408185" x="0.298959" z="0.862545"/>
                <texcoord v="0.231503" u="0.750446"/>
            </vertex>
            <vertex>
                <position y="3.379712" x="-0.835622" z="4.482584"/>
                <normal y="0.211402" x="-0.211798" z="0.954161"/>
                <texcoord v="0.207814" u="0.737593"/>
            </vertex>
            <vertex>
                <position y="2.434076" x="0.145760" z="4.302185"/>
                <normal y="0.019715" x="0.700797" z="0.713034"/>
                <texcoord v="0.271906" u="0.687473"/>
            </vertex>
            <vertex>
                <position y="1.994958" x="-4.237487" z="-0.386580"/>
                <normal y="0.211524" x="-0.767754" z="-0.604755"/>
                <texcoord v="0.628282" u="0.510672"/>
            </vertex>
            <vertex>
                <position y="1.233016" x="-1.296237" z="-4.795478"/>
                <normal y="-0.055879" x="-0.224952" z="-0.972747"/>
                <texcoord v="0.864020" u="0.845890"/>
            </vertex>
            <vertex>
                <position y="0.870145" x="-1.175451" z="-4.807711"/>
                <normal y="-0.201788" x="-0.249397" z="-0.947111"/>
                <texcoord v="0.876252" u="0.833110"/>
            </vertex>
            <vertex>
                <position y="0.500942" x="-1.801579" z="-4.382545"/>
                <normal y="-0.616138" x="-0.470168" z="-0.631886"/>
                <texcoord v="0.914586" u="0.857908"/>
            </vertex>
            <vertex>
                <position y="1.310459" x="-2.023677" z="-4.551964"/>
                <normal y="-0.076540" x="-0.497452" z="-0.864101"/>
                <texcoord v="0.882400" u="0.882724"/>
            </vertex>
            <vertex>
                <position y="0.706373" x="-0.890309" z="-4.835220"/>
                <normal y="-0.342723" x="-0.054384" z="-0.937834"/>
                <texcoord v="0.878134" u="0.818426"/>
            </vertex>
            <vertex>
                <position y="0.198708" x="-1.349230" z="-4.403747"/>
                <normal y="-0.815332" x="-0.259011" z="-0.517777"/>
                <texcoord v="0.916897" u="0.835292"/>
            </vertex>
            <vertex>
                <position y="0.731844" x="-0.460291" z="-4.805570"/>
                <normal y="-0.453841" x="0.083804" z="-0.887112"/>
                <texcoord v="0.873583" u="0.798104"/>
            </vertex>
            <vertex>
                <position y="0.071173" x="-0.132020" z="-4.214242"/>
                <normal y="-0.832789" x="0.222144" z="-0.507035"/>
                <texcoord v="0.917513" u="0.776075"/>
            </vertex>
            <vertex>
                <position y="0.906288" x="-0.254831" z="-4.903388"/>
                <normal y="-0.103427" x="0.277413" z="-0.955138"/>
                <texcoord v="0.863328" u="0.788463"/>
            </vertex>
            <vertex>
                <position y="0.721903" x="0.475137" z="-4.349263"/>
                <normal y="-0.212134" x="0.694906" z="-0.687063"/>
                <texcoord v="0.885093" u="0.747293"/>
            </vertex>
            <vertex>
                <position y="1.346950" x="-0.146230" z="-4.742630"/>
                <normal y="0.311655" x="0.436567" z="-0.843928"/>
                <texcoord v="0.842433" u="0.776525"/>
            </vertex>
            <vertex>
                <position y="1.501055" x="0.168638" z="-4.264539"/>
                <normal y="0.254097" x="0.670919" z="-0.696585"/>
                <texcoord v="0.844920" u="0.735489"/>
            </vertex>
            <vertex>
                <position y="1.346950" x="-0.146230" z="-4.742630"/>
                <normal y="0.311655" x="0.436567" z="-0.843928"/>
                <texcoord v="0.814822" u="0.805023"/>
            </vertex>
            <vertex>
                <position y="1.535914" x="-0.563843" z="-4.668773"/>
                <normal y="0.313150" x="0.240150" z="-0.918821"/>
                <texcoord v="0.825009" u="0.826549"/>
            </vertex>
            <vertex>
                <position y="2.235660" x="-0.249006" z="-4.482796"/>
                <normal y="0.535295" x="0.312418" z="-0.784722"/>
                <texcoord v="0.791001" u="0.847657"/>
            </vertex>
            <vertex>
                <position y="1.501055" x="0.168638" z="-4.264539"/>
                <normal y="0.254097" x="0.670919" z="-0.696585"/>
                <texcoord v="0.780827" u="0.804355"/>
            </vertex>
            <vertex>
                <position y="1.570003" x="-0.945130" z="-4.828432"/>
                <normal y="0.196844" x="0.076327" z="-0.977447"/>
                <texcoord v="0.840778" u="0.841138"/>
            </vertex>
            <vertex>
                <position y="2.235281" x="-1.119408" z="-4.513672"/>
                <normal y="0.697256" x="-0.110965" z="-0.708152"/>
                <texcoord v="0.821221" u="0.876691"/>
            </vertex>
            <vertex>
                <position y="1.465747" x="-1.278631" z="-4.785160"/>
                <normal y="0.120670" x="-0.156163" z="-0.980316"/>
                <texcoord v="0.854847" u="0.851187"/>
            </vertex>
            <vertex>
                <position y="1.921193" x="-1.703059" z="-4.654183"/>
                <normal y="0.497177" x="-0.323099" z="-0.805231"/>
                <texcoord v="0.850310" u="0.884066"/>
            </vertex>
            <vertex>
                <position y="0.483127" x="-2.172457" z="-3.993090"/>
                <normal y="-0.692007" x="-0.558031" z="-0.457930"/>
                <texcoord v="0.933984" u="0.878021"/>
            </vertex>
            <vertex>
                <position y="1.445738" x="-2.872955" z="-4.026905"/>
                <normal y="0.132115" x="-0.857662" z="-0.496902"/>
                <texcoord v="0.902551" u="0.929028"/>
            </vertex>
            <vertex>
                <position y="0.092581" x="-1.004645" z="-3.762941"/>
                <normal y="-0.977569" x="-0.151524" z="-0.146123"/>
                <texcoord v="0.947970" u="0.813847"/>
            </vertex>
            <vertex>
                <position y="-0.062078" x="0.051820" z="-3.714530"/>
                <normal y="-0.922391" x="0.385784" z="-0.018403"/>
                <texcoord v="0.938412" u="0.760810"/>
            </vertex>
            <vertex>
                <position y="0.529898" x="0.771903" z="-3.779160"/>
                <normal y="-0.392376" x="0.915189" z="-0.091678"/>
                <texcoord v="0.909049" u="0.728672"/>
            </vertex>
            <vertex>
                <position y="1.663295" x="0.659853" z="-3.796956"/>
                <normal y="0.295541" x="0.939116" z="-0.175207"/>
                <texcoord v="0.865723" u="0.694358"/>
            </vertex>
            <vertex>
                <position y="2.728491" x="-0.034815" z="-3.977863"/>
                <normal y="0.846187" x="0.408307" z="-0.342357"/>
                <texcoord v="0.763336" u="0.865491"/>
            </vertex>
            <vertex>
                <position y="1.663295" x="0.659853" z="-3.796956"/>
                <normal y="0.295541" x="0.939116" z="-0.175207"/>
                <texcoord v="0.738756" u="0.808932"/>
            </vertex>
            <vertex>
                <position y="2.391108" x="-1.194445" z="-3.928768"/>
                <normal y="0.905240" x="-0.279672" z="-0.319773"/>
                <texcoord v="0.806154" u="0.906519"/>
            </vertex>
            <vertex>
                <position y="2.022506" x="-2.303238" z="-4.119921"/>
                <normal y="0.724204" x="-0.553636" z="-0.411054"/>
                <texcoord v="0.863957" u="0.922716"/>
            </vertex>
            <vertex>
                <position y="0.362922" x="-2.728560" z="-3.214480"/>
                <normal y="-0.645772" x="-0.763390" z="-0.012696"/>
                <texcoord v="0.971757" u="0.909273"/>
            </vertex>
            <vertex>
                <position y="1.641044" x="-2.864885" z="-3.405994"/>
                <normal y="0.425367" x="-0.902188" z="-0.071352"/>
                <texcoord v="0.907539" u="0.956063"/>
            </vertex>
            <vertex>
                <position y="0.004082" x="-1.714043" z="-3.039919"/>
                <normal y="-0.962218" x="-0.271828" z="0.014863"/>
                <texcoord v="0.990124" u="0.845001"/>
            </vertex>
            <vertex>
                <position y="0.015928" x="-0.321852" z="-3.055713"/>
                <normal y="-0.957854" x="0.284555" z="0.039003"/>
                <texcoord v="0.974914" u="0.761110"/>
            </vertex>
            <vertex>
                <position y="0.770934" x="0.418784" z="-3.017188"/>
                <normal y="-0.384655" x="0.915311" z="0.119205"/>
                <texcoord v="0.939552" u="0.700976"/>
            </vertex>
            <vertex>
                <position y="2.154548" x="0.557799" z="-3.182033"/>
                <normal y="0.563433" x="0.825434" z="0.034089"/>
                <texcoord v="0.876259" u="0.650575"/>
            </vertex>
            <vertex>
                <position y="2.652550" x="-0.734957" z="-3.317590"/>
                <normal y="0.983490" x="0.109195" z="-0.144169"/>
                <texcoord v="0.756145" u="0.908626"/>
            </vertex>
            <vertex>
                <position y="2.154548" x="0.557799" z="-3.182033"/>
                <normal y="0.563433" x="0.825434" z="0.034089"/>
                <texcoord v="0.716869" u="0.842591"/>
            </vertex>
            <vertex>
                <position y="2.601581" x="-1.600376" z="-3.332319"/>
                <normal y="0.892972" x="-0.407971" z="-0.190008"/>
                <texcoord v="0.800441" u="0.944431"/>
            </vertex>
            <vertex>
                <position y="1.782874" x="-2.226653" z="-3.326937"/>
                <normal y="0.822230" x="-0.554430" z="-0.128300"/>
                <texcoord v="0.860684" u="0.962382"/>
            </vertex>
            <vertex>
                <position y="1.641044" x="-2.864885" z="-3.405994"/>
                <normal y="0.425367" x="-0.902188" z="-0.071352"/>
                <texcoord v="0.603547" u="0.982401"/>
            </vertex>
            <vertex>
                <position y="0.362922" x="-2.728560" z="-3.214480"/>
                <normal y="-0.645772" x="-0.763390" z="-0.012696"/>
                <texcoord v="0.525230" u="0.995081"/>
            </vertex>
            <vertex>
                <position y="0.668674" x="-2.372036" z="-2.390326"/>
                <normal y="-0.546495" x="-0.696188" z="0.465438"/>
                <texcoord v="0.529776" u="0.946913"/>
            </vertex>
            <vertex>
                <position y="1.594982" x="-2.865365" z="-2.619597"/>
                <normal y="0.281198" x="-0.925382" z="0.254097"/>
                <texcoord v="0.585918" u="0.948743"/>
            </vertex>
            <vertex>
                <position y="0.004082" x="-1.714043" z="-3.039919"/>
                <normal y="-0.962218" x="-0.271828" z="0.014863"/>
                <texcoord v="0.462862" u="0.962572"/>
            </vertex>
            <vertex>
                <position y="0.017109" x="-1.206057" z="-2.173979"/>
                <normal y="-0.894467" x="-0.254982" z="0.367260"/>
                <texcoord v="0.468599" u="0.912476"/>
            </vertex>
            <vertex>
                <position y="0.015928" x="-0.321852" z="-3.055713"/>
                <normal y="-0.957854" x="0.284555" z="0.039003"/>
                <texcoord v="0.398752" u="0.898779"/>
            </vertex>
            <vertex>
                <position y="-0.023357" x="-0.022469" z="-2.011449"/>
                <normal y="-0.819147" x="0.464034" z="0.337107"/>
                <texcoord v="0.435639" u="0.863861"/>
            </vertex>
            <vertex>
                <position y="0.770934" x="0.418784" z="-3.017188"/>
                <normal y="-0.384655" x="0.915311" z="0.119205"/>
                <texcoord v="0.380040" u="0.830307"/>
            </vertex>
            <vertex>
                <position y="0.741131" x="0.528944" z="-2.146647"/>
                <normal y="-0.337504" x="0.895230" z="0.290841"/>
                <texcoord v="0.423957" u="0.821351"/>
            </vertex>
            <vertex>
                <position y="2.154548" x="0.557799" z="-3.182033"/>
                <normal y="0.563433" x="0.825434" z="0.034089"/>
                <texcoord v="0.373812" u="0.750684"/>
            </vertex>
            <vertex>
                <position y="1.989539" x="0.691789" z="-2.188455"/>
                <normal y="0.338878" x="0.908017" z="0.246162"/>
                <texcoord v="0.430988" u="0.757956"/>
            </vertex>
            <vertex>
                <position y="2.154548" x="0.557799" z="-3.182033"/>
                <normal y="0.563433" x="0.825434" z="0.034089"/>
                <texcoord v="0.695830" u="0.770349"/>
            </vertex>
            <vertex>
                <position y="2.652550" x="-0.734957" z="-3.317590"/>
                <normal y="0.983490" x="0.109195" z="-0.144169"/>
                <texcoord v="0.688150" u="0.846271"/>
            </vertex>
            <vertex>
                <position y="2.732843" x="-0.318952" z="-2.363122"/>
                <normal y="0.954314" x="0.297098" z="0.031465"/>
                <texcoord v="0.645002" u="0.813563"/>
            </vertex>
            <vertex>
                <position y="1.989539" x="0.691789" z="-2.188455"/>
                <normal y="0.338878" x="0.908017" z="0.246162"/>
                <texcoord v="0.645009" u="0.747897"/>
            </vertex>
            <vertex>
                <position y="2.601581" x="-1.600376" z="-3.332319"/>
                <normal y="0.892972" x="-0.407971" z="-0.190008"/>
                <texcoord v="0.671980" u="0.899015"/>
            </vertex>
            <vertex>
                <position y="2.754098" x="-1.483372" z="-2.473854"/>
                <normal y="0.956420" x="-0.255959" z="-0.140385"/>
                <texcoord v="0.636094" u="0.873546"/>
            </vertex>
            <vertex>
                <position y="1.782874" x="-2.226653" z="-3.326937"/>
                <normal y="0.822230" x="-0.554430" z="-0.128300"/>
                <texcoord v="0.639164" u="0.955264"/>
            </vertex>
            <vertex>
                <position y="2.063449" x="-2.405843" z="-2.732665"/>
                <normal y="0.746208" x="-0.664449" z="-0.040132"/>
                <texcoord v="0.615632" u="0.931569"/>
            </vertex>
            <vertex>
                <position y="0.851768" x="-2.222686" z="-2.084505"/>
                <normal y="-0.514389" x="-0.641682" z="0.568865"/>
                <texcoord v="0.534370" u="0.927531"/>
            </vertex>
            <vertex>
                <position y="1.641842" x="-2.599002" z="-2.118650"/>
                <normal y="0.189520" x="-0.869716" z="0.455672"/>
                <texcoord v="0.577554" u="0.922930"/>
            </vertex>
            <vertex>
                <position y="0.307296" x="-0.964286" z="-1.756807"/>
                <normal y="-0.772576" x="-0.317057" z="0.550035"/>
                <texcoord v="0.477369" u="0.886367"/>
            </vertex>
            <vertex>
                <position y="0.176013" x="-0.241139" z="-1.628390"/>
                <normal y="-0.679403" x="0.290780" z="0.673666"/>
                <texcoord v="0.452073" u="0.860440"/>
            </vertex>
            <vertex>
                <position y="0.853859" x="0.103129" z="-1.818294"/>
                <normal y="-0.134037" x="0.697256" z="0.704123"/>
                <texcoord v="0.451651" u="0.821841"/>
            </vertex>
            <vertex>
                <position y="2.064694" x="0.309864" z="-1.809165"/>
                <normal y="0.356700" x="0.626087" z="0.693350"/>
                <texcoord v="0.469063" u="0.761639"/>
            </vertex>
            <vertex>
                <position y="2.684525" x="-0.265935" z="-1.955950"/>
                <normal y="0.819910" x="0.328043" z="0.469161"/>
                <texcoord v="0.626792" u="0.804613"/>
            </vertex>
            <vertex>
                <position y="2.064694" x="0.309864" z="-1.809165"/>
                <normal y="0.356700" x="0.626087" z="0.693350"/>
                <texcoord v="0.615890" u="0.762910"/>
            </vertex>
            <vertex>
                <position y="2.714475" x="-1.492224" z="-2.181865"/>
                <normal y="0.977935" x="-0.165197" z="0.127628"/>
                <texcoord v="0.624666" u="0.867515"/>
            </vertex>
            <vertex>
                <position y="2.552412" x="-2.062666" z="-2.214396"/>
                <normal y="0.732841" x="-0.675924" z="0.077548"/>
                <texcoord v="0.612414" u="0.892854"/>
            </vertex>
            <vertex>
                <position y="1.159913" x="-2.098573" z="-1.595730"/>
                <normal y="-0.304056" x="-0.559038" z="0.771355"/>
                <texcoord v="0.545509" u="0.897478"/>
            </vertex>
            <vertex>
                <position y="1.666728" x="-2.360573" z="-1.781647"/>
                <normal y="0.200781" x="-0.727592" z="0.655934"/>
                <texcoord v="0.569958" u="0.903134"/>
            </vertex>
            <vertex>
                <position y="0.583954" x="-1.009708" z="-1.397429"/>
                <normal y="-0.514939" x="-0.358715" z="0.778527"/>
                <texcoord v="0.493707" u="0.869148"/>
            </vertex>
            <vertex>
                <position y="0.414566" x="-0.278699" z="-1.200449"/>
                <normal y="-0.370739" x="0.329661" z="0.868221"/>
                <texcoord v="0.466039" u="0.850828"/>
            </vertex>
            <vertex>
                <position y="1.014117" x="-0.153275" z="-1.499423"/>
                <normal y="0.100955" x="0.550798" z="0.828486"/>
                <texcoord v="0.475136" u="0.824010"/>
            </vertex>
            <vertex>
                <position y="2.000345" x="-0.199450" z="-1.656220"/>
                <normal y="0.207678" x="0.356151" z="0.911039"/>
                <texcoord v="0.501637" u="0.781625"/>
            </vertex>
            <vertex>
                <position y="2.437861" x="-0.684089" z="-1.587780"/>
                <normal y="0.547472" x="0.107120" z="0.829890"/>
                <texcoord v="0.599889" u="0.818116"/>
            </vertex>
            <vertex>
                <position y="2.000345" x="-0.199450" z="-1.656220"/>
                <normal y="0.207678" x="0.356151" z="0.911039"/>
                <texcoord v="0.590820" u="0.786427"/>
            </vertex>
            <vertex>
                <position y="2.541667" x="-1.539055" z="-1.758800"/>
                <normal y="0.793573" x="-0.020600" z="0.608112"/>
                <texcoord v="0.601400" u="0.860387"/>
            </vertex>
            <vertex>
                <position y="2.492895" x="-1.920469" z="-1.588925"/>
                <normal y="0.497391" x="-0.480300" z="0.722404"/>
                <texcoord v="0.592952" u="0.871854"/>
            </vertex>
            <vertex>
                <position y="2.190760" x="-2.011796" z="-1.852576"/>
                <normal y="0.222175" x="-0.803034" z="0.552965"/>
                <texcoord v="0.589210" u="0.884774"/>
            </vertex>
            <vertex>
                <position y="1.619414" x="-1.331179" z="-1.335715"/>
                <normal y="0.134526" x="-0.122806" z="0.983245"/>
                <texcoord v="0.547307" u="0.844313"/>
            </vertex>
            <vertex>
                <position y="1.187404" x="-0.808194" z="-4.822771"/>
                <normal y="0.095553" x="0.027436" z="-0.995025"/>
                <texcoord v="0.851002" u="0.820523"/>
            </vertex>
        </vertexbuffer>
    </sharedgeometry>
    <submeshes>
        <submesh usesharedvertices="true" operationtype="triangle_list" use32bitindexes="False" material="Untitled">
            <faces count="408">
                <face v3="2" v2="1" v1="0"/>
                <face v3="3" v2="2" v1="0"/>
                <face v3="5" v2="4" v1="1"/>
                <face v3="2" v2="5" v1="1"/>
                <face v3="7" v2="6" v1="4"/>
                <face v3="5" v2="7" v1="4"/>
                <face v3="9" v2="8" v1="6"/>
                <face v3="7" v2="9" v1="6"/>
                <face v3="11" v2="10" v1="8"/>
                <face v3="9" v2="11" v1="8"/>
                <face v3="14" v2="13" v1="12"/>
                <face v3="15" v2="14" v1="12"/>
                <face v3="17" v2="16" v1="13"/>
                <face v3="14" v2="17" v1="13"/>
                <face v3="19" v2="18" v1="16"/>
                <face v3="17" v2="19" v1="16"/>
                <face v3="3" v2="0" v1="18"/>
                <face v3="19" v2="3" v1="18"/>
                <face v3="20" v2="2" v1="3"/>
                <face v3="21" v2="20" v1="3"/>
                <face v3="22" v2="5" v1="2"/>
                <face v3="20" v2="22" v1="2"/>
                <face v3="23" v2="7" v1="5"/>
                <face v3="22" v2="23" v1="5"/>
                <face v3="24" v2="9" v1="7"/>
                <face v3="23" v2="24" v1="7"/>
                <face v3="25" v2="11" v1="9"/>
                <face v3="24" v2="25" v1="9"/>
                <face v3="26" v2="14" v1="15"/>
                <face v3="27" v2="26" v1="15"/>
                <face v3="28" v2="17" v1="14"/>
                <face v3="26" v2="28" v1="14"/>
                <face v3="29" v2="19" v1="17"/>
                <face v3="28" v2="29" v1="17"/>
                <face v3="21" v2="3" v1="19"/>
                <face v3="29" v2="21" v1="19"/>
                <face v3="31" v2="30" v1="20"/>
                <face v3="21" v2="31" v1="20"/>
                <face v3="30" v2="32" v1="22"/>
                <face v3="20" v2="30" v1="22"/>
                <face v3="32" v2="33" v1="23"/>
                <face v3="22" v2="32" v1="23"/>
                <face v3="33" v2="34" v1="24"/>
                <face v3="23" v2="33" v1="24"/>
                <face v3="34" v2="35" v1="25"/>
                <face v3="24" v2="34" v1="25"/>
                <face v3="37" v2="36" v1="26"/>
                <face v3="27" v2="37" v1="26"/>
                <face v3="36" v2="38" v1="28"/>
                <face v3="26" v2="36" v1="28"/>
                <face v3="38" v2="39" v1="29"/>
                <face v3="28" v2="38" v1="29"/>
                <face v3="39" v2="31" v1="21"/>
                <face v3="29" v2="39" v1="21"/>
                <face v3="42" v2="41" v1="40"/>
                <face v3="43" v2="42" v1="40"/>
                <face v3="45" v2="44" v1="41"/>
                <face v3="42" v2="45" v1="41"/>
                <face v3="47" v2="46" v1="44"/>
                <face v3="45" v2="47" v1="44"/>
                <face v3="49" v2="48" v1="46"/>
                <face v3="47" v2="49" v1="46"/>
                <face v3="51" v2="50" v1="48"/>
                <face v3="49" v2="51" v1="48"/>
                <face v3="54" v2="53" v1="52"/>
                <face v3="55" v2="54" v1="52"/>
                <face v3="57" v2="56" v1="53"/>
                <face v3="54" v2="57" v1="53"/>
                <face v3="59" v2="58" v1="56"/>
                <face v3="57" v2="59" v1="56"/>
                <face v3="43" v2="40" v1="58"/>
                <face v3="59" v2="43" v1="58"/>
                <face v3="60" v2="42" v1="43"/>
                <face v3="61" v2="60" v1="43"/>
                <face v3="62" v2="45" v1="42"/>
                <face v3="60" v2="62" v1="42"/>
                <face v3="63" v2="47" v1="45"/>
                <face v3="62" v2="63" v1="45"/>
                <face v3="64" v2="49" v1="47"/>
                <face v3="63" v2="64" v1="47"/>
                <face v3="65" v2="51" v1="49"/>
                <face v3="64" v2="65" v1="49"/>
                <face v3="66" v2="54" v1="55"/>
                <face v3="67" v2="66" v1="55"/>
                <face v3="68" v2="57" v1="54"/>
                <face v3="66" v2="68" v1="54"/>
                <face v3="69" v2="59" v1="57"/>
                <face v3="68" v2="69" v1="57"/>
                <face v3="69" v2="70" v1="59"/>
                <face v3="61" v2="43" v1="59"/>
                <face v3="70" v2="61" v1="59"/>
                <face v3="71" v2="60" v1="61"/>
                <face v3="72" v2="71" v1="61"/>
                <face v3="73" v2="62" v1="60"/>
                <face v3="71" v2="73" v1="60"/>
                <face v3="74" v2="63" v1="62"/>
                <face v3="73" v2="74" v1="62"/>
                <face v3="75" v2="64" v1="63"/>
                <face v3="74" v2="75" v1="63"/>
                <face v3="76" v2="65" v1="64"/>
                <face v3="75" v2="76" v1="64"/>
                <face v3="77" v2="66" v1="67"/>
                <face v3="78" v2="77" v1="67"/>
                <face v3="79" v2="68" v1="66"/>
                <face v3="77" v2="79" v1="66"/>
                <face v3="80" v2="69" v1="68"/>
                <face v3="79" v2="80" v1="68"/>
                <face v3="81" v2="70" v1="69"/>
                <face v3="80" v2="81" v1="69"/>
                <face v3="72" v2="61" v1="70"/>
                <face v3="81" v2="72" v1="70"/>
                <face v3="82" v2="74" v1="73"/>
                <face v3="83" v2="82" v1="73"/>
                <face v3="84" v2="75" v1="74"/>
                <face v3="82" v2="84" v1="74"/>
                <face v3="85" v2="76" v1="75"/>
                <face v3="84" v2="85" v1="75"/>
                <face v3="86" v2="77" v1="78"/>
                <face v3="87" v2="86" v1="78"/>
                <face v3="89" v2="88" v1="71"/>
                <face v3="72" v2="89" v1="71"/>
                <face v3="71" v2="88" v1="83"/>
                <face v3="73" v2="71" v1="83"/>
                <face v3="86" v2="90" v1="79"/>
                <face v3="77" v2="86" v1="79"/>
                <face v3="90" v2="91" v1="80"/>
                <face v3="79" v2="90" v1="80"/>
                <face v3="91" v2="92" v1="81"/>
                <face v3="80" v2="91" v1="81"/>
                <face v3="92" v2="89" v1="72"/>
                <face v3="81" v2="92" v1="72"/>
                <face v3="93" v2="0" v1="1"/>
                <face v3="93" v2="1" v1="4"/>
                <face v3="93" v2="4" v1="6"/>
                <face v3="93" v2="6" v1="8"/>
                <face v3="93" v2="8" v1="10"/>
                <face v3="93" v2="12" v1="13"/>
                <face v3="93" v2="13" v1="16"/>
                <face v3="93" v2="16" v1="18"/>
                <face v3="93" v2="18" v1="0"/>
                <face v3="94" v2="88" v1="89"/>
                <face v3="94" v2="83" v1="88"/>
                <face v3="94" v2="82" v1="83"/>
                <face v3="94" v2="84" v1="82"/>
                <face v3="94" v2="85" v1="84"/>
                <face v3="94" v2="86" v1="87"/>
                <face v3="94" v2="90" v1="86"/>
                <face v3="94" v2="91" v1="90"/>
                <face v3="94" v2="92" v1="91"/>
                <face v3="94" v2="89" v1="92"/>
                <face v3="97" v2="96" v1="95"/>
                <face v3="98" v2="97" v1="95"/>
                <face v3="100" v2="99" v1="96"/>
                <face v3="97" v2="100" v1="96"/>
                <face v3="102" v2="101" v1="99"/>
                <face v3="100" v2="102" v1="99"/>
                <face v3="104" v2="103" v1="101"/>
                <face v3="102" v2="104" v1="101"/>
                <face v3="106" v2="105" v1="103"/>
                <face v3="104" v2="106" v1="103"/>
                <face v3="109" v2="108" v1="107"/>
                <face v3="110" v2="109" v1="107"/>
                <face v3="112" v2="111" v1="108"/>
                <face v3="109" v2="112" v1="108"/>
                <face v3="114" v2="113" v1="111"/>
                <face v3="112" v2="114" v1="111"/>
                <face v3="98" v2="95" v1="113"/>
                <face v3="114" v2="98" v1="113"/>
                <face v3="115" v2="97" v1="98"/>
                <face v3="116" v2="115" v1="98"/>
                <face v3="117" v2="100" v1="97"/>
                <face v3="115" v2="117" v1="97"/>
                <face v3="118" v2="102" v1="100"/>
                <face v3="117" v2="118" v1="100"/>
                <face v3="119" v2="104" v1="102"/>
                <face v3="118" v2="119" v1="102"/>
                <face v3="120" v2="106" v1="104"/>
                <face v3="119" v2="120" v1="104"/>
                <face v3="121" v2="109" v1="110"/>
                <face v3="122" v2="121" v1="110"/>
                <face v3="123" v2="112" v1="109"/>
                <face v3="121" v2="123" v1="109"/>
                <face v3="124" v2="114" v1="112"/>
                <face v3="123" v2="124" v1="112"/>
                <face v3="116" v2="98" v1="114"/>
                <face v3="124" v2="116" v1="114"/>
                <face v3="126" v2="125" v1="115"/>
                <face v3="116" v2="126" v1="115"/>
                <face v3="125" v2="127" v1="117"/>
                <face v3="115" v2="125" v1="117"/>
                <face v3="127" v2="128" v1="118"/>
                <face v3="117" v2="127" v1="118"/>
                <face v3="128" v2="129" v1="119"/>
                <face v3="118" v2="128" v1="119"/>
                <face v3="129" v2="130" v1="120"/>
                <face v3="119" v2="129" v1="120"/>
                <face v3="132" v2="131" v1="121"/>
                <face v3="122" v2="132" v1="121"/>
                <face v3="131" v2="133" v1="123"/>
                <face v3="121" v2="131" v1="123"/>
                <face v3="133" v2="134" v1="124"/>
                <face v3="123" v2="133" v1="124"/>
                <face v3="134" v2="126" v1="116"/>
                <face v3="124" v2="134" v1="116"/>
                <face v3="137" v2="136" v1="135"/>
                <face v3="138" v2="137" v1="135"/>
                <face v3="140" v2="139" v1="136"/>
                <face v3="137" v2="140" v1="136"/>
                <face v3="142" v2="141" v1="139"/>
                <face v3="140" v2="142" v1="139"/>
                <face v3="144" v2="143" v1="141"/>
                <face v3="142" v2="144" v1="141"/>
                <face v3="146" v2="145" v1="143"/>
                <face v3="144" v2="146" v1="143"/>
                <face v3="149" v2="148" v1="147"/>
                <face v3="150" v2="149" v1="147"/>
                <face v3="152" v2="151" v1="148"/>
                <face v3="149" v2="152" v1="148"/>
                <face v3="154" v2="153" v1="151"/>
                <face v3="152" v2="154" v1="151"/>
                <face v3="138" v2="135" v1="153"/>
                <face v3="154" v2="138" v1="153"/>
                <face v3="155" v2="137" v1="138"/>
                <face v3="156" v2="155" v1="138"/>
                <face v3="157" v2="140" v1="137"/>
                <face v3="155" v2="157" v1="137"/>
                <face v3="158" v2="142" v1="140"/>
                <face v3="157" v2="158" v1="140"/>
                <face v3="159" v2="144" v1="142"/>
                <face v3="158" v2="159" v1="142"/>
                <face v3="160" v2="146" v1="144"/>
                <face v3="159" v2="160" v1="144"/>
                <face v3="161" v2="149" v1="150"/>
                <face v3="162" v2="161" v1="150"/>
                <face v3="163" v2="152" v1="149"/>
                <face v3="161" v2="163" v1="149"/>
                <face v3="164" v2="154" v1="152"/>
                <face v3="163" v2="164" v1="152"/>
                <face v3="164" v2="165" v1="154"/>
                <face v3="156" v2="138" v1="154"/>
                <face v3="165" v2="156" v1="154"/>
                <face v3="166" v2="155" v1="156"/>
                <face v3="167" v2="166" v1="156"/>
                <face v3="168" v2="157" v1="155"/>
                <face v3="166" v2="168" v1="155"/>
                <face v3="169" v2="158" v1="157"/>
                <face v3="168" v2="169" v1="157"/>
                <face v3="170" v2="159" v1="158"/>
                <face v3="169" v2="170" v1="158"/>
                <face v3="171" v2="160" v1="159"/>
                <face v3="170" v2="171" v1="159"/>
                <face v3="172" v2="161" v1="162"/>
                <face v3="173" v2="172" v1="162"/>
                <face v3="174" v2="163" v1="161"/>
                <face v3="172" v2="174" v1="161"/>
                <face v3="175" v2="164" v1="163"/>
                <face v3="174" v2="175" v1="163"/>
                <face v3="176" v2="165" v1="164"/>
                <face v3="175" v2="176" v1="164"/>
                <face v3="167" v2="156" v1="165"/>
                <face v3="176" v2="167" v1="165"/>
                <face v3="177" v2="169" v1="168"/>
                <face v3="177" v2="170" v1="169"/>
                <face v3="177" v2="171" v1="170"/>
                <face v3="177" v2="172" v1="173"/>
                <face v3="167" v2="177" v1="166"/>
                <face v3="168" v2="166" v1="177"/>
                <face v3="172" v2="177" v1="174"/>
                <face v3="174" v2="177" v1="175"/>
                <face v3="175" v2="177" v1="176"/>
                <face v3="176" v2="177" v1="167"/>
                <face v3="178" v2="95" v1="96"/>
                <face v3="178" v2="96" v1="99"/>
                <face v3="178" v2="99" v1="101"/>
                <face v3="178" v2="101" v1="103"/>
                <face v3="178" v2="103" v1="105"/>
                <face v3="178" v2="107" v1="108"/>
                <face v3="178" v2="108" v1="111"/>
                <face v3="178" v2="111" v1="113"/>
                <face v3="178" v2="113" v1="95"/>
                <face v3="181" v2="180" v1="179"/>
                <face v3="182" v2="181" v1="179"/>
                <face v3="184" v2="183" v1="180"/>
                <face v3="181" v2="184" v1="180"/>
                <face v3="186" v2="185" v1="183"/>
                <face v3="184" v2="186" v1="183"/>
                <face v3="188" v2="187" v1="185"/>
                <face v3="186" v2="188" v1="185"/>
                <face v3="190" v2="189" v1="187"/>
                <face v3="188" v2="190" v1="187"/>
                <face v3="193" v2="192" v1="191"/>
                <face v3="194" v2="193" v1="191"/>
                <face v3="196" v2="195" v1="192"/>
                <face v3="193" v2="196" v1="192"/>
                <face v3="198" v2="197" v1="195"/>
                <face v3="196" v2="198" v1="195"/>
                <face v3="182" v2="179" v1="197"/>
                <face v3="198" v2="182" v1="197"/>
                <face v3="199" v2="181" v1="182"/>
                <face v3="200" v2="199" v1="182"/>
                <face v3="201" v2="184" v1="181"/>
                <face v3="199" v2="201" v1="181"/>
                <face v3="202" v2="186" v1="184"/>
                <face v3="201" v2="202" v1="184"/>
                <face v3="203" v2="188" v1="186"/>
                <face v3="202" v2="203" v1="186"/>
                <face v3="204" v2="190" v1="188"/>
                <face v3="203" v2="204" v1="188"/>
                <face v3="205" v2="193" v1="194"/>
                <face v3="206" v2="205" v1="194"/>
                <face v3="207" v2="196" v1="193"/>
                <face v3="205" v2="207" v1="193"/>
                <face v3="208" v2="198" v1="196"/>
                <face v3="207" v2="208" v1="196"/>
                <face v3="200" v2="182" v1="198"/>
                <face v3="208" v2="200" v1="198"/>
                <face v3="210" v2="209" v1="199"/>
                <face v3="200" v2="210" v1="199"/>
                <face v3="209" v2="211" v1="201"/>
                <face v3="199" v2="209" v1="201"/>
                <face v3="211" v2="212" v1="202"/>
                <face v3="201" v2="211" v1="202"/>
                <face v3="212" v2="213" v1="203"/>
                <face v3="202" v2="212" v1="203"/>
                <face v3="213" v2="214" v1="204"/>
                <face v3="203" v2="213" v1="204"/>
                <face v3="216" v2="215" v1="205"/>
                <face v3="206" v2="216" v1="205"/>
                <face v3="215" v2="217" v1="207"/>
                <face v3="205" v2="215" v1="207"/>
                <face v3="217" v2="218" v1="208"/>
                <face v3="207" v2="217" v1="208"/>
                <face v3="218" v2="210" v1="200"/>
                <face v3="208" v2="218" v1="200"/>
                <face v3="221" v2="220" v1="219"/>
                <face v3="222" v2="221" v1="219"/>
                <face v3="224" v2="223" v1="220"/>
                <face v3="221" v2="224" v1="220"/>
                <face v3="226" v2="225" v1="223"/>
                <face v3="224" v2="226" v1="223"/>
                <face v3="228" v2="227" v1="225"/>
                <face v3="226" v2="228" v1="225"/>
                <face v3="230" v2="229" v1="227"/>
                <face v3="228" v2="230" v1="227"/>
                <face v3="233" v2="232" v1="231"/>
                <face v3="234" v2="233" v1="231"/>
                <face v3="236" v2="235" v1="232"/>
                <face v3="233" v2="236" v1="232"/>
                <face v3="238" v2="237" v1="235"/>
                <face v3="236" v2="238" v1="235"/>
                <face v3="222" v2="219" v1="237"/>
                <face v3="238" v2="222" v1="237"/>
                <face v3="239" v2="221" v1="222"/>
                <face v3="240" v2="239" v1="222"/>
                <face v3="241" v2="224" v1="221"/>
                <face v3="239" v2="241" v1="221"/>
                <face v3="242" v2="226" v1="224"/>
                <face v3="241" v2="242" v1="224"/>
                <face v3="243" v2="228" v1="226"/>
                <face v3="242" v2="243" v1="226"/>
                <face v3="244" v2="230" v1="228"/>
                <face v3="243" v2="244" v1="228"/>
                <face v3="245" v2="233" v1="234"/>
                <face v3="246" v2="245" v1="234"/>
                <face v3="247" v2="236" v1="233"/>
                <face v3="245" v2="247" v1="233"/>
                <face v3="248" v2="238" v1="236"/>
                <face v3="247" v2="248" v1="236"/>
                <face v3="240" v2="222" v1="238"/>
                <face v3="249" v2="239" v1="240"/>
                <face v3="250" v2="249" v1="240"/>
                <face v3="251" v2="241" v1="239"/>
                <face v3="249" v2="251" v1="239"/>
                <face v3="252" v2="242" v1="241"/>
                <face v3="251" v2="252" v1="241"/>
                <face v3="253" v2="243" v1="242"/>
                <face v3="252" v2="253" v1="242"/>
                <face v3="254" v2="244" v1="243"/>
                <face v3="253" v2="254" v1="243"/>
                <face v3="255" v2="245" v1="246"/>
                <face v3="256" v2="255" v1="246"/>
                <face v3="257" v2="247" v1="245"/>
                <face v3="255" v2="257" v1="245"/>
                <face v3="258" v2="248" v1="247"/>
                <face v3="257" v2="258" v1="247"/>
                <face v3="259" v2="238" v1="248"/>
                <face v3="258" v2="259" v1="248"/>
                <face v3="250" v2="240" v1="238"/>
                <face v3="259" v2="250" v1="238"/>
                <face v3="260" v2="252" v1="251"/>
                <face v3="260" v2="253" v1="252"/>
                <face v3="260" v2="254" v1="253"/>
                <face v3="260" v2="255" v1="256"/>
                <face v3="250" v2="260" v1="249"/>
                <face v3="251" v2="249" v1="260"/>
                <face v3="255" v2="260" v1="257"/>
                <face v3="257" v2="260" v1="258"/>
                <face v3="258" v2="260" v1="259"/>
                <face v3="259" v2="260" v1="250"/>
                <face v3="261" v2="179" v1="180"/>
                <face v3="261" v2="180" v1="183"/>
                <face v3="261" v2="183" v1="185"/>
                <face v3="261" v2="185" v1="187"/>
                <face v3="261" v2="187" v1="189"/>
                <face v3="261" v2="191" v1="192"/>
                <face v3="261" v2="192" v1="195"/>
                <face v3="261" v2="195" v1="197"/>
                <face v3="261" v2="197" v1="179"/>
            </faces>
        </submesh>
    </submeshes>
    <submeshnames>
        <submesh name="Untitled" index="0">
        </submesh>
    </submeshnames>
</mesh>