<?xml version="1.0" encoding="UTF-8"?>
<mesh>
    <sharedgeometry vertexcount="262">
        <vertexbuffer colours_diffuse="False" positions="true" texture_coords="1" normals="true">
            <vertex>
                <position z="4.469986" y="2.810509" x="-8.483524"/>
                <normal z="0.893002" y="-0.337321" x="-0.297861"/>
                <texcoord v="0.204514" u="0.203016"/>
            </vertex>
            <vertex>
                <position z="4.059968" y="1.803838" x="-8.671457"/>
                <normal z="0.859920" y="-0.441572" x="-0.255928"/>
                <texcoord v="0.225024" u="0.218675"/>
            </vertex>
            <vertex>
                <position z="3.540610" y="0.632748" x="-6.669526"/>
                <normal z="0.625599" y="-0.775567" x="0.084201"/>
                <texcoord v="0.212656" u="0.281912"/>
            </vertex>
            <vertex>
                <position z="4.821499" y="2.776968" x="-6.629406"/>
                <normal z="0.905148" y="-0.424360" x="-0.024323"/>
                <texcoord v="0.168585" u="0.240533"/>
            </vertex>
            <vertex>
                <position z="3.666423" y="1.468642" x="-9.271160"/>
                <normal z="0.697409" y="-0.561815" x="-0.444929"/>
                <texcoord v="0.242371" u="0.217303"/>
            </vertex>
            <vertex>
                <position z="2.833187" y="-0.009235" x="-7.579290"/>
                <normal z="0.330973" y="-0.940733" x="-0.073641"/>
                <texcoord v="0.238535" u="0.278883"/>
            </vertex>
            <vertex>
                <position z="3.148540" y="1.812106" x="-10.136471"/>
                <normal z="0.540971" y="-0.601581" x="-0.587695"/>
                <texcoord v="0.262895" u="0.202517"/>
            </vertex>
            <vertex>
                <position z="0.976237" y="0.444294" x="-9.832930"/>
                <normal z="0.037904" y="-0.851802" x="-0.522446"/>
                <texcoord v="0.303781" u="0.255814"/>
            </vertex>
            <vertex>
                <position z="3.274629" y="2.380657" x="-10.746222"/>
                <normal z="0.600787" y="-0.314890" x="-0.734733"/>
                <texcoord v="0.269616" u="0.183540"/>
            </vertex>
            <vertex>
                <position z="1.133688" y="2.623658" x="-11.446505"/>
                <normal z="0.067110" y="-0.235755" x="-0.969481"/>
                <texcoord v="0.324862" u="0.193340"/>
            </vertex>
            <vertex>
                <position z="3.179451" y="3.846615" x="-10.845711"/>
                <normal z="0.558672" y="0.135899" x="-0.818140"/>
                <texcoord v="0.278583" u="0.147676"/>
            </vertex>
            <vertex>
                <position z="1.940547" y="4.794856" x="-10.855831"/>
                <normal z="0.239662" y="0.232582" x="-0.942564"/>
                <texcoord v="0.329439" u="0.133547"/>
            </vertex>
            <vertex>
                <position z="3.179451" y="3.846615" x="-10.845711"/>
                <normal z="0.558672" y="0.135899" x="-0.818140"/>
                <texcoord v="0.235434" u="0.127406"/>
            </vertex>
            <vertex>
                <position z="3.641984" y="4.209676" x="-9.908047"/>
                <normal z="0.671468" y="0.114658" x="-0.732078"/>
                <texcoord v="0.211404" u="0.142452"/>
            </vertex>
            <vertex>
                <position z="3.182304" y="6.348078" x="-10.008665"/>
                <normal z="0.477981" y="0.343059" x="-0.808588"/>
                <texcoord v="0.169945" u="0.100890"/>
            </vertex>
            <vertex>
                <position z="1.940547" y="4.794856" x="-10.855831"/>
                <normal z="0.239662" y="0.232582" x="-0.942564"/>
                <texcoord v="0.222789" u="0.084845"/>
            </vertex>
            <vertex>
                <position z="4.432235" y="3.984597" x="-9.343452"/>
                <normal z="0.768548" y="-0.089084" x="-0.633534"/>
                <texcoord v="0.199534" u="0.166241"/>
            </vertex>
            <vertex>
                <position z="4.690533" y="6.104823" x="-8.802031"/>
                <normal z="0.806238" y="0.259835" x="-0.531449"/>
                <texcoord v="0.147633" u="0.142925"/>
            </vertex>
            <vertex>
                <position z="4.622450" y="3.512824" x="-8.558821"/>
                <normal z="0.900174" y="-0.242042" x="-0.362011"/>
                <texcoord v="0.193922" u="0.189777"/>
            </vertex>
            <vertex>
                <position z="5.361372" y="4.720362" x="-7.645761"/>
                <normal z="0.970916" y="-0.050722" x="-0.233924"/>
                <texcoord v="0.149800" u="0.188867"/>
            </vertex>
            <vertex>
                <position z="3.107476" y="0.620844" x="-5.333727"/>
                <normal z="0.502914" y="-0.846126" x="0.176366"/>
                <texcoord v="0.198492" u="0.314801"/>
            </vertex>
            <vertex>
                <position z="4.756896" y="3.027768" x="-4.132462"/>
                <normal z="0.872524" y="-0.439131" x="0.213996"/>
                <texcoord v="0.120542" u="0.286623"/>
            </vertex>
            <vertex>
                <position z="0.999573" y="0.297889" x="-7.366003"/>
                <normal z="-0.090732" y="-0.995849" x="0.001953"/>
                <texcoord v="0.275183" u="0.308609"/>
            </vertex>
            <vertex>
                <position z="-0.401760" y="0.485956" x="-9.477127"/>
                <normal z="-0.475692" y="-0.783074" x="-0.400586"/>
                <texcoord v="0.329780" u="0.275887"/>
            </vertex>
            <vertex>
                <position z="-0.568073" y="2.603844" x="-11.213955"/>
                <normal z="-0.519059" y="-0.200568" x="-0.830836"/>
                <texcoord v="0.357247" u="0.216545"/>
            </vertex>
            <vertex>
                <position z="0.636902" y="5.698992" x="-10.874472"/>
                <normal z="-0.236549" y="0.373516" x="-0.896908"/>
                <texcoord v="0.382421" u="0.137712"/>
            </vertex>
            <vertex>
                <position z="2.292805" y="7.809533" x="-9.616556"/>
                <normal z="0.227607" y="0.673544" x="-0.703207"/>
                <texcoord v="0.136677" u="0.069489"/>
            </vertex>
            <vertex>
                <position z="0.636902" y="5.698992" x="-10.874472"/>
                <normal z="-0.236549" y="0.373516" x="-0.896908"/>
                <texcoord v="0.207108" u="0.040935"/>
            </vertex>
            <vertex>
                <position z="4.287609" y="7.805518" x="-7.936821"/>
                <normal z="0.688040" y="0.652058" x="-0.318369"/>
                <texcoord v="0.102829" u="0.123974"/>
            </vertex>
            <vertex>
                <position z="5.652951" y="5.377834" x="-5.449296"/>
                <normal z="0.993011" y="0.110843" x="0.039827"/>
                <texcoord v="0.098423" u="0.217756"/>
            </vertex>
            <vertex>
                <position z="1.965874" y="0.455287" x="-3.032576"/>
                <normal z="0.190405" y="-0.790094" x="0.582629"/>
                <texcoord v="0.179018" u="0.378351"/>
            </vertex>
            <vertex>
                <position z="4.603881" y="3.931341" x="-2.046503"/>
                <normal z="0.624592" y="-0.198614" x="0.755242"/>
                <texcoord v="0.068044" u="0.314376"/>
            </vertex>
            <vertex>
                <position z="0.172380" y="0.100486" x="-4.829720"/>
                <normal z="-0.170202" y="-0.959502" x="0.224372"/>
                <texcoord v="0.258728" u="0.375147"/>
            </vertex>
            <vertex>
                <position z="-1.325214" y="0.931204" x="-7.774116"/>
                <normal z="-0.495590" y="-0.813105" x="-0.305277"/>
                <texcoord v="0.348095" u="0.319057"/>
            </vertex>
            <vertex>
                <position z="-1.597974" y="3.608717" x="-9.444460"/>
                <normal z="-0.642384" y="-0.141636" x="-0.753136"/>
                <texcoord v="0.407815" u="0.236894"/>
            </vertex>
            <vertex>
                <position z="-0.143694" y="7.360717" x="-9.850191"/>
                <normal z="-0.217444" y="0.553178" x="-0.804163"/>
                <texcoord v="0.439578" u="0.125832"/>
            </vertex>
            <vertex>
                <position z="1.994598" y="8.631400" x="-7.964652"/>
                <normal z="0.200354" y="0.885495" x="-0.419202"/>
                <texcoord v="0.089560" u="0.062832"/>
            </vertex>
            <vertex>
                <position z="-0.143694" y="7.360717" x="-9.850191"/>
                <normal z="-0.217444" y="0.553178" x="-0.804163"/>
                <texcoord v="0.158676" u="0.012853"/>
            </vertex>
            <vertex>
                <position z="3.458787" y="8.662353" x="-5.955339"/>
                <normal z="0.526536" y="0.847835" x="0.062288"/>
                <texcoord v="0.044562" u="0.124206"/>
            </vertex>
            <vertex>
                <position z="4.933600" y="6.493647" x="-2.904168"/>
                <normal z="0.721305" y="0.422926" x="0.548448"/>
                <texcoord v="0.029102" u="0.241553"/>
            </vertex>
            <vertex>
                <position z="4.603881" y="3.931341" x="-2.046503"/>
                <normal z="0.624592" y="-0.198614" x="0.755242"/>
                <texcoord v="0.510995" u="0.091523"/>
            </vertex>
            <vertex>
                <position z="1.965874" y="0.455287" x="-3.032576"/>
                <normal z="0.190405" y="-0.790094" x="0.582629"/>
                <texcoord v="0.625016" u="0.029267"/>
            </vertex>
            <vertex>
                <position z="0.072030" y="2.102439" x="-2.677396"/>
                <normal z="-0.279031" y="-0.452956" x="0.846706"/>
                <texcoord v="0.643276" u="0.092638"/>
            </vertex>
            <vertex>
                <position z="1.948204" y="4.413493" x="-1.526954"/>
                <normal z="-0.036287" y="0.005890" x="0.999298"/>
                <texcoord v="0.569500" u="0.130685"/>
            </vertex>
            <vertex>
                <position z="0.172380" y="0.100486" x="-4.829720"/>
                <normal z="-0.170202" y="-0.959502" x="0.224372"/>
                <texcoord v="0.707769" u="0.032360"/>
            </vertex>
            <vertex>
                <position z="-2.221951" y="1.000719" x="-4.665946"/>
                <normal z="-0.482162" y="-0.772515" x="0.413129"/>
                <texcoord v="0.726015" u="0.093865"/>
            </vertex>
            <vertex>
                <position z="-1.325214" y="0.931204" x="-7.774116"/>
                <normal z="-0.495590" y="-0.813105" x="-0.305277"/>
                <texcoord v="0.812317" u="0.067103"/>
            </vertex>
            <vertex>
                <position z="-3.911729" y="1.673494" x="-6.907314"/>
                <normal z="-0.767785" y="-0.588336" x="-0.253578"/>
                <texcoord v="0.786573" u="0.129364"/>
            </vertex>
            <vertex>
                <position z="-1.597974" y="3.608717" x="-9.444460"/>
                <normal z="-0.642384" y="-0.141636" x="-0.753136"/>
                <texcoord v="0.883631" u="0.139071"/>
            </vertex>
            <vertex>
                <position z="-3.597413" y="4.155463" x="-8.430191"/>
                <normal z="-0.743034" y="-0.113437" x="-0.659536"/>
                <texcoord v="0.838076" u="0.177225"/>
            </vertex>
            <vertex>
                <position z="-0.143694" y="7.360717" x="-9.850191"/>
                <normal z="-0.217444" y="0.553178" x="-0.804163"/>
                <texcoord v="0.949876" u="0.230789"/>
            </vertex>
            <vertex>
                <position z="-2.648526" y="7.898717" x="-9.115763"/>
                <normal z="-0.503006" y="0.443251" x="-0.741935"/>
                <texcoord v="0.885012" u="0.266423"/>
            </vertex>
            <vertex>
                <position z="-0.143694" y="7.360717" x="-9.850191"/>
                <normal z="-0.217444" y="0.553178" x="-0.804163"/>
                <texcoord v="0.529564" u="0.433823"/>
            </vertex>
            <vertex>
                <position z="1.994598" y="8.631400" x="-7.964652"/>
                <normal z="0.200354" y="0.885495" x="-0.419202"/>
                <texcoord v="0.492182" u="0.356671"/>
            </vertex>
            <vertex>
                <position z="-0.538655" y="9.387816" x="-7.414342"/>
                <normal z="0.026429" y="0.921384" x="-0.387707"/>
                <texcoord v="0.562920" u="0.360730"/>
            </vertex>
            <vertex>
                <position z="-2.648526" y="7.898717" x="-9.115763"/>
                <normal z="-0.503006" y="0.443251" x="-0.741935"/>
                <texcoord v="0.602676" u="0.430644"/>
            </vertex>
            <vertex>
                <position z="3.458787" y="8.662353" x="-5.955339"/>
                <normal z="0.526536" y="0.847835" x="0.062288"/>
                <texcoord v="0.472350" u="0.283481"/>
            </vertex>
            <vertex>
                <position z="1.319537" y="9.572169" x="-5.086785"/>
                <normal z="0.275979" y="0.945158" x="0.174627"/>
                <texcoord v="0.534391" u="0.290075"/>
            </vertex>
            <vertex>
                <position z="4.933600" y="6.493647" x="-2.904168"/>
                <normal z="0.721305" y="0.422926" x="0.548448"/>
                <texcoord v="0.470716" u="0.165179"/>
            </vertex>
            <vertex>
                <position z="2.408248" y="6.808610" x="-2.387704"/>
                <normal z="0.096835" y="0.515671" x="0.851283"/>
                <texcoord v="0.533751" u="0.187062"/>
            </vertex>
            <vertex>
                <position z="-0.591582" y="2.928606" x="-2.597230"/>
                <normal z="-0.348918" y="-0.348796" x="0.869778"/>
                <texcoord v="0.646772" u="0.120885"/>
            </vertex>
            <vertex>
                <position z="0.541659" y="5.028205" x="-1.901076"/>
                <normal z="-0.123783" y="0.094607" x="0.987762"/>
                <texcoord v="0.596582" u="0.159714"/>
            </vertex>
            <vertex>
                <position z="-3.135613" y="2.268770" x="-4.645584"/>
                <normal z="-0.560137" y="-0.580584" x="0.590869"/>
                <texcoord v="0.729970" u="0.131746"/>
            </vertex>
            <vertex>
                <position z="-4.318771" y="2.385107" x="-5.949298"/>
                <normal z="-0.898709" y="-0.432203" x="0.073977"/>
                <texcoord v="0.770337" u="0.146943"/>
            </vertex>
            <vertex>
                <position z="-3.730926" y="4.456118" x="-7.095890"/>
                <normal z="-0.925443" y="0.050386" x="-0.375439"/>
                <texcoord v="0.808403" u="0.195115"/>
            </vertex>
            <vertex>
                <position z="-3.305758" y="8.412064" x="-7.936812"/>
                <normal z="-0.743858" y="0.586657" x="-0.320109"/>
                <texcoord v="0.846008" u="0.292928"/>
            </vertex>
            <vertex>
                <position z="-1.504135" y="9.543171" x="-6.935234"/>
                <normal z="-0.292062" y="0.949339" x="-0.115848"/>
                <texcoord v="0.590681" u="0.356971"/>
            </vertex>
            <vertex>
                <position z="-3.305758" y="8.412064" x="-7.936812"/>
                <normal z="-0.743858" y="0.586657" x="-0.320109"/>
                <texcoord v="0.633290" u="0.398935"/>
            </vertex>
            <vertex>
                <position z="0.453724" y="9.493953" x="-4.595165"/>
                <normal z="0.083285" y="0.943785" x="0.319834"/>
                <texcoord v="0.556966" u="0.287426"/>
            </vertex>
            <vertex>
                <position z="1.096346" y="8.267435" x="-3.203162"/>
                <normal z="0.269936" y="0.617939" x="0.738426"/>
                <texcoord v="0.555656" u="0.237698"/>
            </vertex>
            <vertex>
                <position z="1.824364" y="6.702459" x="-2.661533"/>
                <normal z="-0.161962" y="0.293008" x="0.942289"/>
                <texcoord v="0.549496" u="0.192328"/>
            </vertex>
            <vertex>
                <position z="-1.512425" y="4.228353" x="-2.232382"/>
                <normal z="-0.284982" y="-0.296854" x="0.911374"/>
                <texcoord v="0.650215" u="0.164848"/>
            </vertex>
            <vertex>
                <position z="-0.404466" y="5.447231" x="-2.063050"/>
                <normal z="-0.041505" y="0.107456" x="0.993316"/>
                <texcoord v="0.615832" u="0.180304"/>
            </vertex>
            <vertex>
                <position z="-3.619642" y="3.292785" x="-4.102148"/>
                <normal z="-0.587634" y="-0.466475" x="0.661092"/>
                <texcoord v="0.721647" u="0.162512"/>
            </vertex>
            <vertex>
                <position z="-4.989167" y="3.346415" x="-5.316124"/>
                <normal z="-0.974334" y="-0.213965" x="0.069521"/>
                <texcoord v="0.760027" u="0.172277"/>
            </vertex>
            <vertex>
                <position z="-4.431028" y="5.101731" x="-6.230192"/>
                <normal z="-0.950163" y="0.244881" x="-0.192785"/>
                <texcoord v="0.781269" u="0.214607"/>
            </vertex>
            <vertex>
                <position z="-3.299945" y="8.089116" x="-6.429203"/>
                <normal z="-0.840297" y="0.532243" x="0.103000"/>
                <texcoord v="0.797083" u="0.294270"/>
            </vertex>
            <vertex>
                <position z="-2.030315" y="8.816014" x="-5.478413"/>
                <normal z="-0.568529" y="0.779168" x="0.263894"/>
                <texcoord v="0.620961" u="0.323858"/>
            </vertex>
            <vertex>
                <position z="-3.299945" y="8.089116" x="-6.429203"/>
                <normal z="-0.840297" y="0.532243" x="0.103000"/>
                <texcoord v="0.653206" u="0.355872"/>
            </vertex>
            <vertex>
                <position z="-0.813800" y="9.106437" x="-3.761659"/>
                <normal z="-0.281564" y="0.872494" x="0.399274"/>
                <texcoord v="0.594706" u="0.277557"/>
            </vertex>
            <vertex>
                <position z="-0.750099" y="8.502750" x="-2.574367"/>
                <normal z="-0.164525" y="0.624317" x="0.763634"/>
                <texcoord v="0.602198" u="0.250056"/>
            </vertex>
            <vertex>
                <position z="-0.243947" y="7.178845" x="-2.640359"/>
                <normal z="0.040162" y="0.296426" x="0.954192"/>
                <texcoord v="0.599066" u="0.220516"/>
            </vertex>
            <vertex>
                <position z="-4.109863" y="5.385618" x="-3.959769"/>
                <normal z="-0.937437" y="0.236213" x="0.255623"/>
                <texcoord v="0.719486" u="0.223042"/>
            </vertex>
            <vertex>
                <position z="-3.953846" y="5.857505" x="-2.985293"/>
                <normal z="-0.860683" y="0.133549" x="0.491256"/>
                <texcoord v="0.694899" u="0.230915"/>
            </vertex>
            <vertex>
                <position z="-3.307293" y="6.307654" x="-4.152925"/>
                <normal z="-0.887356" y="0.459029" x="-0.042665"/>
                <texcoord v="0.722168" u="0.255352"/>
            </vertex>
            <vertex>
                <position z="-2.952152" y="7.001542" x="-4.612051"/>
                <normal z="-0.865566" y="0.474258" x="0.160680"/>
                <texcoord v="0.734505" u="0.275953"/>
            </vertex>
            <vertex>
                <position z="-2.650013" y="7.595611" x="-4.310681"/>
                <normal z="-0.729942" y="0.630024" x="0.264931"/>
                <texcoord v="0.658077" u="0.290909"/>
            </vertex>
            <vertex>
                <position z="-2.952152" y="7.001542" x="-4.612051"/>
                <normal z="-0.865566" y="0.474258" x="0.160680"/>
                <texcoord v="0.675510" u="0.298445"/>
            </vertex>
            <vertex>
                <position z="-3.553894" y="6.088728" x="-2.587449"/>
                <normal z="-0.632710" y="0.137059" x="0.762139"/>
                <texcoord v="0.682877" u="0.232391"/>
            </vertex>
            <vertex>
                <position z="-3.204825" y="6.549665" x="-2.440671"/>
                <normal z="-0.482406" y="0.334727" x="0.809442"/>
                <texcoord v="0.673219" u="0.238651"/>
            </vertex>
            <vertex>
                <position z="-2.803493" y="7.112103" x="-3.520880"/>
                <normal z="-0.567553" y="0.751701" x="0.335795"/>
                <texcoord v="0.668471" u="0.267289"/>
            </vertex>
            <vertex>
                <position z="-2.793578" y="7.019803" x="-3.137003"/>
                <normal z="-0.534959" y="0.712973" x="0.453261"/>
                <texcoord v="0.667669" u="0.255905"/>
            </vertex>
            <vertex>
                <position z="-3.074327" y="6.903744" x="-2.592794"/>
                <normal z="-0.454634" y="0.553209" x="0.698019"/>
                <texcoord v="0.670393" u="0.245869"/>
            </vertex>
            <vertex>
                <position z="3.949823" y="2.940909" x="-9.535303"/>
                <normal z="0.839198" y="-0.191656" x="-0.508866"/>
                <texcoord v="0.229355" u="0.177772"/>
            </vertex>
            <vertex>
                <position z="-3.414930" y="6.606275" x="-3.241663"/>
                <normal z="-0.774255" y="0.632191" x="0.028230"/>
                <texcoord v="0.690476" u="0.256279"/>
            </vertex>
            <vertex>
                <position z="-0.235495" y="4.165626" x="9.094217"/>
                <normal z="0.343394" y="0.082888" x="0.935514"/>
                <texcoord v="0.631923" u="0.547317"/>
            </vertex>
            <vertex>
                <position z="-0.071242" y="3.065293" x="9.170904"/>
                <normal z="0.286477" y="-0.052736" x="0.956603"/>
                <texcoord v="0.655983" u="0.542033"/>
            </vertex>
            <vertex>
                <position z="-2.433611" y="1.951915" x="9.189840"/>
                <normal z="-0.109958" y="-0.449629" x="0.886380"/>
                <texcoord v="0.695112" u="0.601118"/>
            </vertex>
            <vertex>
                <position z="-2.229264" y="4.428830" x="9.472015"/>
                <normal z="0.012024" y="0.039521" x="0.999115"/>
                <texcoord v="0.638140" u="0.603318"/>
            </vertex>
            <vertex>
                <position z="0.507688" y="2.551711" x="8.923857"/>
                <normal z="0.498428" y="-0.291787" x="0.816309"/>
                <texcoord v="0.666006" u="0.529259"/>
            </vertex>
            <vertex>
                <position z="-1.581645" y="1.006548" x="8.764246"/>
                <normal z="0.055116" y="-0.756767" x="0.651326"/>
                <texcoord v="0.707660" u="0.581377"/>
            </vertex>
            <vertex>
                <position z="1.284341" y="2.587226" x="8.195219"/>
                <normal z="0.638997" y="-0.439161" x="0.631489"/>
                <texcoord v="0.671316" u="0.506320"/>
            </vertex>
            <vertex>
                <position z="0.304107" y="0.492439" x="6.543287"/>
                <normal z="0.469253" y="-0.854060" x="0.224372"/>
                <texcoord v="0.742916" u="0.524204"/>
            </vertex>
            <vertex>
                <position z="1.973148" y="3.107297" x="8.045475"/>
                <normal z="0.836665" y="-0.084902" x="0.541063"/>
                <texcoord v="0.664949" u="0.488774"/>
            </vertex>
            <vertex>
                <position z="2.003187" y="2.415486" x="5.608294"/>
                <normal z="0.949858" y="-0.303842" x="-0.073336"/>
                <texcoord v="0.722187" u="0.462214"/>
            </vertex>
            <vertex>
                <position z="1.918664" y="4.401944" x="7.187864"/>
                <normal z="0.917631" y="0.321146" x="0.233985"/>
                <texcoord v="0.653369" u="0.453571"/>
            </vertex>
            <vertex>
                <position z="1.416135" y="4.774355" x="5.357702"/>
                <normal z="0.984252" y="0.150029" x="-0.093326"/>
                <texcoord v="0.699677" u="0.406123"/>
            </vertex>
            <vertex>
                <position z="1.918664" y="4.401944" x="7.187864"/>
                <normal z="0.917631" y="0.321146" x="0.233985"/>
                <texcoord v="0.584413" u="0.479316"/>
            </vertex>
            <vertex>
                <position z="0.974904" y="4.996551" x="7.491584"/>
                <normal z="0.805078" y="0.380139" x="0.455275"/>
                <texcoord v="0.584550" u="0.507787"/>
            </vertex>
            <vertex>
                <position z="1.335468" y="7.049351" x="6.104040"/>
                <normal z="0.832423" y="0.487320" x="0.263710"/>
                <texcoord v="0.522953" u="0.526576"/>
            </vertex>
            <vertex>
                <position z="1.416135" y="4.774355" x="5.357702"/>
                <normal z="0.984252" y="0.150029" x="-0.093326"/>
                <texcoord v="0.527223" u="0.467342"/>
            </vertex>
            <vertex>
                <position z="0.626323" y="5.153379" x="8.457600"/>
                <normal z="0.703848" y="0.298746" x="0.644429"/>
                <texcoord v="0.600815" u="0.529539"/>
            </vertex>
            <vertex>
                <position z="-0.293023" y="7.127520" x="7.470040"/>
                <normal z="0.459853" y="0.679250" x="0.571947"/>
                <texcoord v="0.550796" u="0.568214"/>
            </vertex>
            <vertex>
                <position z="-0.160792" y="4.862790" x="8.898243"/>
                <normal z="0.437208" y="0.219642" x="0.872097"/>
                <texcoord v="0.615726" u="0.547702"/>
            </vertex>
            <vertex>
                <position z="-1.057581" y="6.338350" x="9.066427"/>
                <normal z="0.278329" y="0.480239" x="0.831782"/>
                <texcoord v="0.589941" u="0.583908"/>
            </vertex>
            <vertex>
                <position z="-4.111014" y="1.878264" x="8.712036"/>
                <normal z="-0.277291" y="-0.542375" x="0.793023"/>
                <texcoord v="0.712568" u="0.642617"/>
            </vertex>
            <vertex>
                <position z="-5.129533" y="4.838870" x="9.245361"/>
                <normal z="-0.410993" y="0.183416" x="0.892972"/>
                <texcoord v="0.641848" u="0.679872"/>
            </vertex>
            <vertex>
                <position z="-2.494542" y="0.571837" x="6.616967"/>
                <normal z="-0.079196" y="-0.949644" x="0.303140"/>
                <texcoord v="0.766544" u="0.588457"/>
            </vertex>
            <vertex>
                <position z="-0.588055" y="0.008888" x="5.024909"/>
                <normal z="0.283151" y="-0.943937" x="-0.169652"/>
                <texcoord v="0.785155" u="0.527550"/>
            </vertex>
            <vertex>
                <position z="1.144445" y="1.736037" x="3.772170"/>
                <normal z="0.718619" y="-0.481674" x="-0.501511"/>
                <texcoord v="0.773595" u="0.462103"/>
            </vertex>
            <vertex>
                <position z="1.286557" y="5.157408" x="3.290436"/>
                <normal z="0.838404" y="0.093020" x="-0.537004"/>
                <texcoord v="0.761474" u="0.376563"/>
            </vertex>
            <vertex>
                <position z="0.665743" y="8.445769" x="4.143476"/>
                <normal z="0.640126" y="0.752037" x="-0.156957"/>
                <texcoord v="0.469054" u="0.549636"/>
            </vertex>
            <vertex>
                <position z="1.286557" y="5.157408" x="3.290436"/>
                <normal z="0.838404" y="0.093020" x="-0.537004"/>
                <texcoord v="0.457854" u="0.468050"/>
            </vertex>
            <vertex>
                <position z="-1.518690" y="8.497932" x="6.214203"/>
                <normal z="0.098910" y="0.930570" x="0.352458"/>
                <texcoord v="0.506960" u="0.609046"/>
            </vertex>
            <vertex>
                <position z="-3.560656" y="7.055096" x="8.735207"/>
                <normal z="-0.196722" y="0.661336" x="0.723808"/>
                <texcoord v="0.582999" u="0.649276"/>
            </vertex>
            <vertex>
                <position z="-7.125490" y="1.460565" x="7.535247"/>
                <normal z="-0.615375" y="-0.510605" x="0.600421"/>
                <texcoord v="0.750668" u="0.716946"/>
            </vertex>
            <vertex>
                <position z="-6.677153" y="5.428438" x="7.557715"/>
                <normal z="-0.668386" y="0.359996" x="0.650838"/>
                <texcoord v="0.629893" u="0.736409"/>
            </vertex>
            <vertex>
                <position z="-5.665018" y="0.270183" x="5.794660"/>
                <normal z="-0.251564" y="-0.931486" x="0.262673"/>
                <texcoord v="0.812334" u="0.659738"/>
            </vertex>
            <vertex>
                <position z="-2.898713" y="0.187684" x="3.776212"/>
                <normal z="0.209754" y="-0.960173" x="-0.184484"/>
                <texcoord v="0.842673" u="0.556374"/>
            </vertex>
            <vertex>
                <position z="-1.330943" y="2.389657" x="2.118972"/>
                <normal z="0.602161" y="-0.489517" x="-0.630634"/>
                <texcoord v="0.849748" u="0.455125"/>
            </vertex>
            <vertex>
                <position z="-0.269847" y="6.561685" x="1.504736"/>
                <normal z="0.671041" y="0.327769" x="-0.664998"/>
                <texcoord v="0.826531" u="0.334970"/>
            </vertex>
            <vertex>
                <position z="-2.229664" y="8.543067" x="3.406348"/>
                <normal z="0.322977" y="0.913694" x="-0.246559"/>
                <texcoord v="0.428048" u="0.606049"/>
            </vertex>
            <vertex>
                <position z="-0.269847" y="6.561685" x="1.504736"/>
                <normal z="0.671041" y="0.327769" x="-0.664998"/>
                <texcoord v="0.400631" u="0.516137"/>
            </vertex>
            <vertex>
                <position z="-4.033757" y="8.924796" x="4.892512"/>
                <normal z="-0.156682" y="0.952025" x="0.262825"/>
                <texcoord v="0.470691" u="0.673802"/>
            </vertex>
            <vertex>
                <position z="-5.760759" y="6.480891" x="6.465336"/>
                <normal z="-0.475845" y="0.719626" x="0.505600"/>
                <texcoord v="0.563504" u="0.726668"/>
            </vertex>
            <vertex>
                <position z="-6.677153" y="5.428438" x="7.557715"/>
                <normal z="-0.668386" y="0.359996" x="0.650838"/>
                <texcoord v="0.035643" u="0.746248"/>
            </vertex>
            <vertex>
                <position z="-7.125490" y="1.460565" x="7.535247"/>
                <normal z="-0.615375" y="-0.510605" x="0.600421"/>
                <texcoord v="0.028880" u="0.623345"/>
            </vertex>
            <vertex>
                <position z="-8.345027" y="2.239244" x="4.630475"/>
                <normal z="-0.863674" y="-0.430494" x="0.262123"/>
                <texcoord v="0.109846" u="0.644027"/>
            </vertex>
            <vertex>
                <position z="-8.493244" y="5.098904" x="5.400279"/>
                <normal z="-0.857356" y="0.264443" x="0.441542"/>
                <texcoord v="0.104002" u="0.720939"/>
            </vertex>
            <vertex>
                <position z="-5.665018" y="0.270183" x="5.794660"/>
                <normal z="-0.251564" y="-0.931486" x="0.262673"/>
                <texcoord v="0.073537" u="0.546968"/>
            </vertex>
            <vertex>
                <position z="-6.771873" y="0.149663" x="2.734709"/>
                <normal z="-0.461440" y="-0.887051" x="0.012848"/>
                <texcoord v="0.150637" u="0.572649"/>
            </vertex>
            <vertex>
                <position z="-2.898713" y="0.187684" x="3.776212"/>
                <normal z="0.209754" y="-0.960173" x="-0.184484"/>
                <texcoord v="0.154103" u="0.464893"/>
            </vertex>
            <vertex>
                <position z="-4.861914" y="-0.096027" x="0.581738"/>
                <normal z="0.144597" y="-0.881222" x="-0.449995"/>
                <texcoord v="0.210767" u="0.536221"/>
            </vertex>
            <vertex>
                <position z="-1.330943" y="2.389657" x="2.118972"/>
                <normal z="0.602161" y="-0.489517" x="-0.630634"/>
                <texcoord v="0.253122" u="0.433100"/>
            </vertex>
            <vertex>
                <position z="-3.239566" y="2.174051" x="-0.340267"/>
                <normal z="0.510483" y="-0.458998" x="-0.727103"/>
                <texcoord v="0.276401" u="0.510845"/>
            </vertex>
            <vertex>
                <position z="-0.269847" y="6.561685" x="1.504736"/>
                <normal z="0.671041" y="0.327769" x="-0.664998"/>
                <texcoord v="0.372784" u="0.408422"/>
            </vertex>
            <vertex>
                <position z="-2.468826" y="5.920849" x="-1.234014"/>
                <normal z="0.582720" y="0.153264" x="-0.798059"/>
                <texcoord v="0.377198" u="0.508428"/>
            </vertex>
            <vertex>
                <position z="-0.269847" y="6.561685" x="1.504736"/>
                <normal z="0.671041" y="0.327769" x="-0.664998"/>
                <texcoord v="0.287868" u="0.966248"/>
            </vertex>
            <vertex>
                <position z="-2.229664" y="8.543067" x="3.406348"/>
                <normal z="0.322977" y="0.913694" x="-0.246559"/>
                <texcoord v="0.203156" u="0.927623"/>
            </vertex>
            <vertex>
                <position z="-3.813727" y="8.267406" x="0.265765"/>
                <normal z="0.348643" y="0.834895" x="-0.425825"/>
                <texcoord v="0.271015" u="0.863922"/>
            </vertex>
            <vertex>
                <position z="-2.468826" y="5.920849" x="-1.234014"/>
                <normal z="0.582720" y="0.153264" x="-0.798059"/>
                <texcoord v="0.347294" u="0.887246"/>
            </vertex>
            <vertex>
                <position z="-4.033757" y="8.924796" x="4.892512"/>
                <normal z="-0.156682" y="0.952025" x="0.262825"/>
                <texcoord v="0.139642" u="0.884654"/>
            </vertex>
            <vertex>
                <position z="-5.842280" y="9.371604" x="2.158482"/>
                <normal z="-0.093722" y="0.991455" x="0.090396"/>
                <texcoord v="0.202919" u="0.832440"/>
            </vertex>
            <vertex>
                <position z="-5.760759" y="6.480891" x="6.465336"/>
                <normal z="-0.475845" y="0.719626" x="0.505600"/>
                <texcoord v="0.064959" u="0.804801"/>
            </vertex>
            <vertex>
                <position z="-7.595365" y="6.996996" x="4.720107"/>
                <normal z="-0.686422" y="0.612812" x="0.391430"/>
                <texcoord v="0.121603" u="0.775187"/>
            </vertex>
            <vertex>
                <position z="-8.744647" y="2.736199" x="3.484778"/>
                <normal z="-0.891415" y="-0.419630" x="0.170995"/>
                <texcoord v="0.142282" u="0.655481"/>
            </vertex>
            <vertex>
                <position z="-9.176353" y="5.149845" x="3.646572"/>
                <normal z="-0.919889" y="0.204779" x="0.334361"/>
                <texcoord v="0.152245" u="0.713406"/>
            </vertex>
            <vertex>
                <position z="-7.231192" y="0.945876" x="1.090991"/>
                <normal z="-0.620258" y="-0.781579" x="-0.066103"/>
                <texcoord v="0.191196" u="0.590792"/>
            </vertex>
            <vertex>
                <position z="-6.164919" y="0.471335" x="-0.236570"/>
                <normal z="-0.126530" y="-0.802210" x="-0.583453"/>
                <texcoord v="0.222625" u="0.564474"/>
            </vertex>
            <vertex>
                <position z="-4.839336" y="2.506000" x="-0.654525"/>
                <normal z="0.235054" y="-0.323557" x="-0.916532"/>
                <texcoord v="0.281855" u="0.553361"/>
            </vertex>
            <vertex>
                <position z="-4.117043" y="6.129172" x="-1.725443"/>
                <normal z="0.185095" y="0.138218" x="-0.972930"/>
                <texcoord v="0.378964" u="0.568371"/>
            </vertex>
            <vertex>
                <position z="-4.713167" y="8.063022" x="-0.865617"/>
                <normal z="0.116520" y="0.686819" x="-0.717399"/>
                <texcoord v="0.292642" u="0.832388"/>
            </vertex>
            <vertex>
                <position z="-4.117043" y="6.129172" x="-1.725443"/>
                <normal z="0.185095" y="0.138218" x="-0.972930"/>
                <texcoord v="0.346708" u="0.830487"/>
            </vertex>
            <vertex>
                <position z="-6.699687" y="8.994463" x="1.255333"/>
                <normal z="-0.214209" y="0.964965" x="-0.151494"/>
                <texcoord v="0.220121" u="0.811854"/>
            </vertex>
            <vertex>
                <position z="-7.953588" y="8.244638" x="2.568486"/>
                <normal z="-0.629933" y="0.693594" x="0.349406"/>
                <texcoord v="0.184491" u="0.782224"/>
            </vertex>
            <vertex>
                <position z="-7.494566" y="6.938452" x="4.307377"/>
                <normal z="-0.980895" y="0.123753" x="0.149998"/>
                <texcoord v="0.130763" u="0.771438"/>
            </vertex>
            <vertex>
                <position z="-9.603226" y="3.587011" x="1.813168"/>
                <normal z="-0.964476" y="-0.251961" x="-0.079134"/>
                <texcoord v="0.195012" u="0.675619"/>
            </vertex>
            <vertex>
                <position z="-9.521834" y="5.159029" x="2.383504"/>
                <normal z="-0.975829" y="0.198950" x="0.090060"/>
                <texcoord v="0.189033" u="0.706636"/>
            </vertex>
            <vertex>
                <position z="-8.115898" y="1.733927" x="0.032807"/>
                <normal z="-0.807611" y="-0.543138" x="-0.229682"/>
                <texcoord v="0.222080" u="0.616587"/>
            </vertex>
            <vertex>
                <position z="-7.211573" y="1.134916" x="-1.465338"/>
                <normal z="-0.296670" y="-0.512619" x="-0.805719"/>
                <texcoord v="0.241365" u="0.589693"/>
            </vertex>
            <vertex>
                <position z="-6.071159" y="2.967553" x="-1.222533"/>
                <normal z="0.044801" y="-0.086154" x="-0.995270"/>
                <texcoord v="0.284061" u="0.593025"/>
            </vertex>
            <vertex>
                <position z="-5.503593" y="5.959136" x="-1.341617"/>
                <normal z="-0.149297" y="0.030122" x="-0.988311"/>
                <texcoord v="0.355952" u="0.616020"/>
            </vertex>
            <vertex>
                <position z="-6.495595" y="7.307911" x="-1.076905"/>
                <normal z="-0.275704" y="0.387097" x="-0.879849"/>
                <texcoord v="0.290799" u="0.780923"/>
            </vertex>
            <vertex>
                <position z="-5.503593" y="5.959136" x="-1.341617"/>
                <normal z="-0.149297" y="0.030122" x="-0.988311"/>
                <texcoord v="0.331320" u="0.778883"/>
            </vertex>
            <vertex>
                <position z="-8.059860" y="8.202013" x="0.072613"/>
                <normal z="-0.411176" y="0.704031" x="-0.578997"/>
                <texcoord v="0.246032" u="0.771601"/>
            </vertex>
            <vertex>
                <position z="-9.339381" y="7.773468" x="0.439758"/>
                <normal z="-0.862545" y="0.408185" x="-0.298959"/>
                <texcoord v="0.231503" u="0.750446"/>
            </vertex>
            <vertex>
                <position z="-8.965168" y="6.759423" x="1.671243"/>
                <normal z="-0.954161" y="0.211402" x="0.211798"/>
                <texcoord v="0.207814" u="0.737593"/>
            </vertex>
            <vertex>
                <position z="-8.604369" y="4.868151" x="-0.291520"/>
                <normal z="-0.713034" y="0.019715" x="-0.700797"/>
                <texcoord v="0.271906" u="0.687473"/>
            </vertex>
            <vertex>
                <position z="0.773159" y="3.989915" x="8.474974"/>
                <normal z="0.604755" y="0.211524" x="0.767754"/>
                <texcoord v="0.628282" u="0.510672"/>
            </vertex>
            <vertex>
                <position z="9.590957" y="2.466033" x="2.592473"/>
                <normal z="0.972747" y="-0.055879" x="0.224952"/>
                <texcoord v="0.864020" u="0.845890"/>
            </vertex>
            <vertex>
                <position z="9.615421" y="1.740290" x="2.350901"/>
                <normal z="0.947111" y="-0.201788" x="0.249397"/>
                <texcoord v="0.876252" u="0.833110"/>
            </vertex>
            <vertex>
                <position z="8.765089" y="1.001884" x="3.603158"/>
                <normal z="0.631886" y="-0.616138" x="0.470168"/>
                <texcoord v="0.914586" u="0.857908"/>
            </vertex>
            <vertex>
                <position z="9.103928" y="2.620919" x="4.047353"/>
                <normal z="0.864101" y="-0.076540" x="0.497452"/>
                <texcoord v="0.882400" u="0.882724"/>
            </vertex>
            <vertex>
                <position z="9.670440" y="1.412746" x="1.780617"/>
                <normal z="0.937834" y="-0.342723" x="0.054384"/>
                <texcoord v="0.878134" u="0.818426"/>
            </vertex>
            <vertex>
                <position z="8.807493" y="0.397415" x="2.698459"/>
                <normal z="0.517777" y="-0.815332" x="0.259011"/>
                <texcoord v="0.916897" u="0.835292"/>
            </vertex>
            <vertex>
                <position z="9.611139" y="1.463689" x="0.920582"/>
                <normal z="0.887112" y="-0.453841" x="-0.083804"/>
                <texcoord v="0.873583" u="0.798104"/>
            </vertex>
            <vertex>
                <position z="8.428483" y="0.142347" x="0.264040"/>
                <normal z="0.507035" y="-0.832789" x="-0.222144"/>
                <texcoord v="0.917513" u="0.776075"/>
            </vertex>
            <vertex>
                <position z="9.806775" y="1.812576" x="0.509662"/>
                <normal z="0.955138" y="-0.103427" x="-0.277413"/>
                <texcoord v="0.863328" u="0.788463"/>
            </vertex>
            <vertex>
                <position z="8.698525" y="1.443806" x="-0.950275"/>
                <normal z="0.687063" y="-0.212134" x="-0.694906"/>
                <texcoord v="0.885093" u="0.747293"/>
            </vertex>
            <vertex>
                <position z="9.485261" y="2.693900" x="0.292460"/>
                <normal z="0.843928" y="0.311655" x="-0.436567"/>
                <texcoord v="0.842433" u="0.776525"/>
            </vertex>
            <vertex>
                <position z="8.529078" y="3.002110" x="-0.337276"/>
                <normal z="0.696585" y="0.254097" x="-0.670919"/>
                <texcoord v="0.844920" u="0.735489"/>
            </vertex>
            <vertex>
                <position z="9.485261" y="2.693900" x="0.292460"/>
                <normal z="0.843928" y="0.311655" x="-0.436567"/>
                <texcoord v="0.814822" u="0.805023"/>
            </vertex>
            <vertex>
                <position z="9.337545" y="3.071828" x="1.127686"/>
                <normal z="0.918821" y="0.313150" x="-0.240150"/>
                <texcoord v="0.825009" u="0.826549"/>
            </vertex>
            <vertex>
                <position z="8.965592" y="4.471321" x="0.498011"/>
                <normal z="0.784722" y="0.535295" x="-0.312418"/>
                <texcoord v="0.791001" u="0.847657"/>
            </vertex>
            <vertex>
                <position z="8.529078" y="3.002110" x="-0.337276"/>
                <normal z="0.696585" y="0.254097" x="-0.670919"/>
                <texcoord v="0.780827" u="0.804355"/>
            </vertex>
            <vertex>
                <position z="9.656863" y="3.140007" x="1.890260"/>
                <normal z="0.977447" y="0.196844" x="-0.076327"/>
                <texcoord v="0.840778" u="0.841138"/>
            </vertex>
            <vertex>
                <position z="9.027345" y="4.470562" x="2.238815"/>
                <normal z="0.708152" y="0.697256" x="0.110965"/>
                <texcoord v="0.821221" u="0.876691"/>
            </vertex>
            <vertex>
                <position z="9.570319" y="2.931495" x="2.557262"/>
                <normal z="0.980316" y="0.120670" x="0.156163"/>
                <texcoord v="0.854847" u="0.851187"/>
            </vertex>
            <vertex>
                <position z="9.308366" y="3.842387" x="3.406118"/>
                <normal z="0.805231" y="0.497177" x="0.323099"/>
                <texcoord v="0.850310" u="0.884066"/>
            </vertex>
            <vertex>
                <position z="7.986179" y="0.966254" x="4.344913"/>
                <normal z="0.457930" y="-0.692007" x="0.558031"/>
                <texcoord v="0.933984" u="0.878021"/>
            </vertex>
            <vertex>
                <position z="8.053809" y="2.891476" x="5.745910"/>
                <normal z="0.496902" y="0.132115" x="0.857662"/>
                <texcoord v="0.902551" u="0.929028"/>
            </vertex>
            <vertex>
                <position z="7.525881" y="0.185163" x="2.009290"/>
                <normal z="0.146123" y="-0.977569" x="0.151524"/>
                <texcoord v="0.947970" u="0.813847"/>
            </vertex>
            <vertex>
                <position z="7.429060" y="-0.124156" x="-0.103641"/>
                <normal z="0.018403" y="-0.922391" x="-0.385784"/>
                <texcoord v="0.938412" u="0.760810"/>
            </vertex>
            <vertex>
                <position z="7.558320" y="1.059796" x="-1.543807"/>
                <normal z="0.091678" y="-0.392376" x="-0.915189"/>
                <texcoord v="0.909049" u="0.728672"/>
            </vertex>
            <vertex>
                <position z="7.593910" y="3.326590" x="-1.319706"/>
                <normal z="0.175207" y="0.295541" x="-0.939116"/>
                <texcoord v="0.865723" u="0.694358"/>
            </vertex>
            <vertex>
                <position z="7.955724" y="5.456981" x="0.069630"/>
                <normal z="0.342357" y="0.846187" x="-0.408307"/>
                <texcoord v="0.763336" u="0.865491"/>
            </vertex>
            <vertex>
                <position z="7.593910" y="3.326590" x="-1.319706"/>
                <normal z="0.175207" y="0.295541" x="-0.939116"/>
                <texcoord v="0.738756" u="0.808932"/>
            </vertex>
            <vertex>
                <position z="7.857535" y="4.782216" x="2.388890"/>
                <normal z="0.319773" y="0.905240" x="0.279672"/>
                <texcoord v="0.806154" u="0.906519"/>
            </vertex>
            <vertex>
                <position z="8.239842" y="4.045012" x="4.606475"/>
                <normal z="0.411054" y="0.724204" x="0.553636"/>
                <texcoord v="0.863957" u="0.922716"/>
            </vertex>
            <vertex>
                <position z="6.428959" y="0.725845" x="5.457119"/>
                <normal z="0.012696" y="-0.645772" x="0.763390"/>
                <texcoord v="0.971757" u="0.909273"/>
            </vertex>
            <vertex>
                <position z="6.811986" y="3.282088" x="5.729770"/>
                <normal z="0.071352" y="0.425367" x="0.902188"/>
                <texcoord v="0.907539" u="0.956063"/>
            </vertex>
            <vertex>
                <position z="6.079837" y="0.008163" x="3.428085"/>
                <normal z="-0.014863" y="-0.962218" x="0.271828"/>
                <texcoord v="0.990124" u="0.845001"/>
            </vertex>
            <vertex>
                <position z="6.111425" y="0.031856" x="0.643703"/>
                <normal z="-0.039003" y="-0.957854" x="-0.284555"/>
                <texcoord v="0.974914" u="0.761110"/>
            </vertex>
            <vertex>
                <position z="6.034375" y="1.541867" x="-0.837568"/>
                <normal z="-0.119205" y="-0.384655" x="-0.915311"/>
                <texcoord v="0.939552" u="0.700976"/>
            </vertex>
            <vertex>
                <position z="6.364066" y="4.309097" x="-1.115599"/>
                <normal z="-0.034089" y="0.563433" x="-0.825434"/>
                <texcoord v="0.876259" u="0.650575"/>
            </vertex>
            <vertex>
                <position z="6.635178" y="5.305100" x="1.469913"/>
                <normal z="0.144169" y="0.983490" x="-0.109195"/>
                <texcoord v="0.756145" u="0.908626"/>
            </vertex>
            <vertex>
                <position z="6.364066" y="4.309097" x="-1.115599"/>
                <normal z="-0.034089" y="0.563433" x="-0.825434"/>
                <texcoord v="0.716869" u="0.842591"/>
            </vertex>
            <vertex>
                <position z="6.664637" y="5.203162" x="3.200752"/>
                <normal z="0.190008" y="0.892972" x="0.407971"/>
                <texcoord v="0.800441" u="0.944431"/>
            </vertex>
            <vertex>
                <position z="6.653872" y="3.565748" x="4.453305"/>
                <normal z="0.128300" y="0.822230" x="0.554430"/>
                <texcoord v="0.860684" u="0.962382"/>
            </vertex>
            <vertex>
                <position z="6.811986" y="3.282088" x="5.729770"/>
                <normal z="0.071352" y="0.425367" x="0.902188"/>
                <texcoord v="0.603547" u="0.982401"/>
            </vertex>
            <vertex>
                <position z="6.428959" y="0.725845" x="5.457119"/>
                <normal z="0.012696" y="-0.645772" x="0.763390"/>
                <texcoord v="0.525230" u="0.995081"/>
            </vertex>
            <vertex>
                <position z="4.780652" y="1.337348" x="4.744071"/>
                <normal z="-0.465438" y="-0.546495" x="0.696188"/>
                <texcoord v="0.529776" u="0.946913"/>
            </vertex>
            <vertex>
                <position z="5.239193" y="3.189965" x="5.730730"/>
                <normal z="-0.254097" y="0.281198" x="0.925382"/>
                <texcoord v="0.585918" u="0.948743"/>
            </vertex>
            <vertex>
                <position z="6.079837" y="0.008163" x="3.428085"/>
                <normal z="-0.014863" y="-0.962218" x="0.271828"/>
                <texcoord v="0.462862" u="0.962572"/>
            </vertex>
            <vertex>
                <position z="4.347957" y="0.034219" x="2.412113"/>
                <normal z="-0.367260" y="-0.894467" x="0.254982"/>
                <texcoord v="0.468599" u="0.912476"/>
            </vertex>
            <vertex>
                <position z="6.111425" y="0.031856" x="0.643703"/>
                <normal z="-0.039003" y="-0.957854" x="-0.284555"/>
                <texcoord v="0.398752" u="0.898779"/>
            </vertex>
            <vertex>
                <position z="4.022897" y="-0.046713" x="0.044938"/>
                <normal z="-0.337107" y="-0.819147" x="-0.464034"/>
                <texcoord v="0.435639" u="0.863861"/>
            </vertex>
            <vertex>
                <position z="6.034375" y="1.541867" x="-0.837568"/>
                <normal z="-0.119205" y="-0.384655" x="-0.915311"/>
                <texcoord v="0.380040" u="0.830307"/>
            </vertex>
            <vertex>
                <position z="4.293294" y="1.482262" x="-1.057889"/>
                <normal z="-0.290841" y="-0.337504" x="-0.895230"/>
                <texcoord v="0.423957" u="0.821351"/>
            </vertex>
            <vertex>
                <position z="6.364066" y="4.309097" x="-1.115599"/>
                <normal z="-0.034089" y="0.563433" x="-0.825434"/>
                <texcoord v="0.373812" u="0.750684"/>
            </vertex>
            <vertex>
                <position z="4.376909" y="3.979078" x="-1.383579"/>
                <normal z="-0.246162" y="0.338878" x="-0.908017"/>
                <texcoord v="0.430988" u="0.757956"/>
            </vertex>
            <vertex>
                <position z="6.364066" y="4.309097" x="-1.115599"/>
                <normal z="-0.034089" y="0.563433" x="-0.825434"/>
                <texcoord v="0.695830" u="0.770349"/>
            </vertex>
            <vertex>
                <position z="6.635178" y="5.305100" x="1.469913"/>
                <normal z="0.144169" y="0.983490" x="-0.109195"/>
                <texcoord v="0.688150" u="0.846271"/>
            </vertex>
            <vertex>
                <position z="4.726243" y="5.465686" x="0.637903"/>
                <normal z="-0.031465" y="0.954314" x="-0.297098"/>
                <texcoord v="0.645002" u="0.813563"/>
            </vertex>
            <vertex>
                <position z="4.376909" y="3.979078" x="-1.383579"/>
                <normal z="-0.246162" y="0.338878" x="-0.908017"/>
                <texcoord v="0.645009" u="0.747897"/>
            </vertex>
            <vertex>
                <position z="6.664637" y="5.203162" x="3.200752"/>
                <normal z="0.190008" y="0.892972" x="0.407971"/>
                <texcoord v="0.671980" u="0.899015"/>
            </vertex>
            <vertex>
                <position z="4.947707" y="5.508195" x="2.966744"/>
                <normal z="0.140385" y="0.956420" x="0.255959"/>
                <texcoord v="0.636094" u="0.873546"/>
            </vertex>
            <vertex>
                <position z="6.653872" y="3.565748" x="4.453305"/>
                <normal z="0.128300" y="0.822230" x="0.554430"/>
                <texcoord v="0.639164" u="0.955264"/>
            </vertex>
            <vertex>
                <position z="5.465329" y="4.126897" x="4.811685"/>
                <normal z="0.040132" y="0.746208" x="0.664449"/>
                <texcoord v="0.615632" u="0.931569"/>
            </vertex>
            <vertex>
                <position z="4.169009" y="1.703537" x="4.445372"/>
                <normal z="-0.568865" y="-0.514389" x="0.641682"/>
                <texcoord v="0.534370" u="0.927531"/>
            </vertex>
            <vertex>
                <position z="4.237299" y="3.283683" x="5.198004"/>
                <normal z="-0.455672" y="0.189520" x="0.869716"/>
                <texcoord v="0.577554" u="0.922930"/>
            </vertex>
            <vertex>
                <position z="3.513613" y="0.614592" x="1.928571"/>
                <normal z="-0.550035" y="-0.772576" x="0.317057"/>
                <texcoord v="0.477369" u="0.886367"/>
            </vertex>
            <vertex>
                <position z="3.256780" y="0.352025" x="0.482278"/>
                <normal z="-0.673666" y="-0.679403" x="-0.290780"/>
                <texcoord v="0.452073" u="0.860440"/>
            </vertex>
            <vertex>
                <position z="3.636587" y="1.707719" x="-0.206259"/>
                <normal z="-0.704123" y="-0.134037" x="-0.697256"/>
                <texcoord v="0.451651" u="0.821841"/>
            </vertex>
            <vertex>
                <position z="3.618329" y="4.129388" x="-0.619729"/>
                <normal z="-0.693350" y="0.356700" x="-0.626087"/>
                <texcoord v="0.469063" u="0.761639"/>
            </vertex>
            <vertex>
                <position z="3.911899" y="5.369051" x="0.531870"/>
                <normal z="-0.469161" y="0.819910" x="-0.328043"/>
                <texcoord v="0.626792" u="0.804613"/>
            </vertex>
            <vertex>
                <position z="3.618329" y="4.129388" x="-0.619729"/>
                <normal z="-0.693350" y="0.356700" x="-0.626087"/>
                <texcoord v="0.615890" u="0.762910"/>
            </vertex>
            <vertex>
                <position z="4.363729" y="5.428950" x="2.984447"/>
                <normal z="-0.127628" y="0.977935" x="0.165197"/>
                <texcoord v="0.624666" u="0.867515"/>
            </vertex>
            <vertex>
                <position z="4.428792" y="5.104824" x="4.125331"/>
                <normal z="-0.077548" y="0.732841" x="0.675924"/>
                <texcoord v="0.612414" u="0.892854"/>
            </vertex>
            <vertex>
                <position z="3.191458" y="2.319826" x="4.197146"/>
                <normal z="-0.771355" y="-0.304056" x="0.559038"/>
                <texcoord v="0.545509" u="0.897478"/>
            </vertex>
            <vertex>
                <position z="3.563294" y="3.333455" x="4.721145"/>
                <normal z="-0.655934" y="0.200781" x="0.727592"/>
                <texcoord v="0.569958" u="0.903134"/>
            </vertex>
            <vertex>
                <position z="2.794858" y="1.167907" x="2.019416"/>
                <normal z="-0.778527" y="-0.514939" x="0.358715"/>
                <texcoord v="0.493707" u="0.869148"/>
            </vertex>
            <vertex>
                <position z="2.400897" y="0.829131" x="0.557397"/>
                <normal z="-0.868221" y="-0.370739" x="-0.329661"/>
                <texcoord v="0.466039" u="0.850828"/>
            </vertex>
            <vertex>
                <position z="2.998846" y="2.028233" x="0.306550"/>
                <normal z="-0.828486" y="0.100955" x="-0.550798"/>
                <texcoord v="0.475136" u="0.824010"/>
            </vertex>
            <vertex>
                <position z="3.312440" y="4.000690" x="0.398899"/>
                <normal z="-0.911039" y="0.207678" x="-0.356151"/>
                <texcoord v="0.501637" u="0.781625"/>
            </vertex>
            <vertex>
                <position z="3.175560" y="4.875723" x="1.368177"/>
                <normal z="-0.829890" y="0.547472" x="-0.107120"/>
                <texcoord v="0.599889" u="0.818116"/>
            </vertex>
            <vertex>
                <position z="3.312440" y="4.000690" x="0.398899"/>
                <normal z="-0.911039" y="0.207678" x="-0.356151"/>
                <texcoord v="0.590820" u="0.786427"/>
            </vertex>
            <vertex>
                <position z="3.517599" y="5.083333" x="3.078110"/>
                <normal z="-0.608112" y="0.793573" x="0.020600"/>
                <texcoord v="0.601400" u="0.860387"/>
            </vertex>
            <vertex>
                <position z="3.177850" y="4.985789" x="3.840938"/>
                <normal z="-0.722404" y="0.497391" x="0.480300"/>
                <texcoord v="0.592952" u="0.871854"/>
            </vertex>
            <vertex>
                <position z="3.705152" y="4.381520" x="4.023591"/>
                <normal z="-0.552965" y="0.222175" x="0.803034"/>
                <texcoord v="0.589210" u="0.884774"/>
            </vertex>
            <vertex>
                <position z="2.671429" y="3.238828" x="2.662358"/>
                <normal z="-0.983245" y="0.134526" x="0.122806"/>
                <texcoord v="0.547307" u="0.844313"/>
            </vertex>
            <vertex>
                <position z="9.645541" y="2.374809" x="1.616387"/>
                <normal z="0.995025" y="0.095553" x="-0.027436"/>
                <texcoord v="0.851002" u="0.820523"/>
            </vertex>
        </vertexbuffer>
    </sharedgeometry>
    <submeshes>
        <submesh material="Untitled" use32bitindexes="False" usesharedvertices="true" operationtype="triangle_list">
            <faces count="408">
                <face v3="2" v1="0" v2="1"/>
                <face v3="3" v1="0" v2="2"/>
                <face v3="5" v1="1" v2="4"/>
                <face v3="2" v1="1" v2="5"/>
                <face v3="7" v1="4" v2="6"/>
                <face v3="5" v1="4" v2="7"/>
                <face v3="9" v1="6" v2="8"/>
                <face v3="7" v1="6" v2="9"/>
                <face v3="11" v1="8" v2="10"/>
                <face v3="9" v1="8" v2="11"/>
                <face v3="14" v1="12" v2="13"/>
                <face v3="15" v1="12" v2="14"/>
                <face v3="17" v1="13" v2="16"/>
                <face v3="14" v1="13" v2="17"/>
                <face v3="19" v1="16" v2="18"/>
                <face v3="17" v1="16" v2="19"/>
                <face v3="3" v1="18" v2="0"/>
                <face v3="19" v1="18" v2="3"/>
                <face v3="20" v1="3" v2="2"/>
                <face v3="21" v1="3" v2="20"/>
                <face v3="22" v1="2" v2="5"/>
                <face v3="20" v1="2" v2="22"/>
                <face v3="23" v1="5" v2="7"/>
                <face v3="22" v1="5" v2="23"/>
                <face v3="24" v1="7" v2="9"/>
                <face v3="23" v1="7" v2="24"/>
                <face v3="25" v1="9" v2="11"/>
                <face v3="24" v1="9" v2="25"/>
                <face v3="26" v1="15" v2="14"/>
                <face v3="27" v1="15" v2="26"/>
                <face v3="28" v1="14" v2="17"/>
                <face v3="26" v1="14" v2="28"/>
                <face v3="29" v1="17" v2="19"/>
                <face v3="28" v1="17" v2="29"/>
                <face v3="21" v1="19" v2="3"/>
                <face v3="29" v1="19" v2="21"/>
                <face v3="31" v1="20" v2="30"/>
                <face v3="21" v1="20" v2="31"/>
                <face v3="30" v1="22" v2="32"/>
                <face v3="20" v1="22" v2="30"/>
                <face v3="32" v1="23" v2="33"/>
                <face v3="22" v1="23" v2="32"/>
                <face v3="33" v1="24" v2="34"/>
                <face v3="23" v1="24" v2="33"/>
                <face v3="34" v1="25" v2="35"/>
                <face v3="24" v1="25" v2="34"/>
                <face v3="37" v1="26" v2="36"/>
                <face v3="27" v1="26" v2="37"/>
                <face v3="36" v1="28" v2="38"/>
                <face v3="26" v1="28" v2="36"/>
                <face v3="38" v1="29" v2="39"/>
                <face v3="28" v1="29" v2="38"/>
                <face v3="39" v1="21" v2="31"/>
                <face v3="29" v1="21" v2="39"/>
                <face v3="42" v1="40" v2="41"/>
                <face v3="43" v1="40" v2="42"/>
                <face v3="45" v1="41" v2="44"/>
                <face v3="42" v1="41" v2="45"/>
                <face v3="47" v1="44" v2="46"/>
                <face v3="45" v1="44" v2="47"/>
                <face v3="49" v1="46" v2="48"/>
                <face v3="47" v1="46" v2="49"/>
                <face v3="51" v1="48" v2="50"/>
                <face v3="49" v1="48" v2="51"/>
                <face v3="54" v1="52" v2="53"/>
                <face v3="55" v1="52" v2="54"/>
                <face v3="57" v1="53" v2="56"/>
                <face v3="54" v1="53" v2="57"/>
                <face v3="59" v1="56" v2="58"/>
                <face v3="57" v1="56" v2="59"/>
                <face v3="43" v1="58" v2="40"/>
                <face v3="59" v1="58" v2="43"/>
                <face v3="60" v1="43" v2="42"/>
                <face v3="61" v1="43" v2="60"/>
                <face v3="62" v1="42" v2="45"/>
                <face v3="60" v1="42" v2="62"/>
                <face v3="63" v1="45" v2="47"/>
                <face v3="62" v1="45" v2="63"/>
                <face v3="64" v1="47" v2="49"/>
                <face v3="63" v1="47" v2="64"/>
                <face v3="65" v1="49" v2="51"/>
                <face v3="64" v1="49" v2="65"/>
                <face v3="66" v1="55" v2="54"/>
                <face v3="67" v1="55" v2="66"/>
                <face v3="68" v1="54" v2="57"/>
                <face v3="66" v1="54" v2="68"/>
                <face v3="69" v1="57" v2="59"/>
                <face v3="68" v1="57" v2="69"/>
                <face v3="69" v1="59" v2="70"/>
                <face v3="61" v1="59" v2="43"/>
                <face v3="70" v1="59" v2="61"/>
                <face v3="71" v1="61" v2="60"/>
                <face v3="72" v1="61" v2="71"/>
                <face v3="73" v1="60" v2="62"/>
                <face v3="71" v1="60" v2="73"/>
                <face v3="74" v1="62" v2="63"/>
                <face v3="73" v1="62" v2="74"/>
                <face v3="75" v1="63" v2="64"/>
                <face v3="74" v1="63" v2="75"/>
                <face v3="76" v1="64" v2="65"/>
                <face v3="75" v1="64" v2="76"/>
                <face v3="77" v1="67" v2="66"/>
                <face v3="78" v1="67" v2="77"/>
                <face v3="79" v1="66" v2="68"/>
                <face v3="77" v1="66" v2="79"/>
                <face v3="80" v1="68" v2="69"/>
                <face v3="79" v1="68" v2="80"/>
                <face v3="81" v1="69" v2="70"/>
                <face v3="80" v1="69" v2="81"/>
                <face v3="72" v1="70" v2="61"/>
                <face v3="81" v1="70" v2="72"/>
                <face v3="82" v1="73" v2="74"/>
                <face v3="83" v1="73" v2="82"/>
                <face v3="84" v1="74" v2="75"/>
                <face v3="82" v1="74" v2="84"/>
                <face v3="85" v1="75" v2="76"/>
                <face v3="84" v1="75" v2="85"/>
                <face v3="86" v1="78" v2="77"/>
                <face v3="87" v1="78" v2="86"/>
                <face v3="89" v1="71" v2="88"/>
                <face v3="72" v1="71" v2="89"/>
                <face v3="71" v1="83" v2="88"/>
                <face v3="73" v1="83" v2="71"/>
                <face v3="86" v1="79" v2="90"/>
                <face v3="77" v1="79" v2="86"/>
                <face v3="90" v1="80" v2="91"/>
                <face v3="79" v1="80" v2="90"/>
                <face v3="91" v1="81" v2="92"/>
                <face v3="80" v1="81" v2="91"/>
                <face v3="92" v1="72" v2="89"/>
                <face v3="81" v1="72" v2="92"/>
                <face v3="93" v1="1" v2="0"/>
                <face v3="93" v1="4" v2="1"/>
                <face v3="93" v1="6" v2="4"/>
                <face v3="93" v1="8" v2="6"/>
                <face v3="93" v1="10" v2="8"/>
                <face v3="93" v1="13" v2="12"/>
                <face v3="93" v1="16" v2="13"/>
                <face v3="93" v1="18" v2="16"/>
                <face v3="93" v1="0" v2="18"/>
                <face v3="94" v1="89" v2="88"/>
                <face v3="94" v1="88" v2="83"/>
                <face v3="94" v1="83" v2="82"/>
                <face v3="94" v1="82" v2="84"/>
                <face v3="94" v1="84" v2="85"/>
                <face v3="94" v1="87" v2="86"/>
                <face v3="94" v1="86" v2="90"/>
                <face v3="94" v1="90" v2="91"/>
                <face v3="94" v1="91" v2="92"/>
                <face v3="94" v1="92" v2="89"/>
                <face v3="97" v1="95" v2="96"/>
                <face v3="98" v1="95" v2="97"/>
                <face v3="100" v1="96" v2="99"/>
                <face v3="97" v1="96" v2="100"/>
                <face v3="102" v1="99" v2="101"/>
                <face v3="100" v1="99" v2="102"/>
                <face v3="104" v1="101" v2="103"/>
                <face v3="102" v1="101" v2="104"/>
                <face v3="106" v1="103" v2="105"/>
                <face v3="104" v1="103" v2="106"/>
                <face v3="109" v1="107" v2="108"/>
                <face v3="110" v1="107" v2="109"/>
                <face v3="112" v1="108" v2="111"/>
                <face v3="109" v1="108" v2="112"/>
                <face v3="114" v1="111" v2="113"/>
                <face v3="112" v1="111" v2="114"/>
                <face v3="98" v1="113" v2="95"/>
                <face v3="114" v1="113" v2="98"/>
                <face v3="115" v1="98" v2="97"/>
                <face v3="116" v1="98" v2="115"/>
                <face v3="117" v1="97" v2="100"/>
                <face v3="115" v1="97" v2="117"/>
                <face v3="118" v1="100" v2="102"/>
                <face v3="117" v1="100" v2="118"/>
                <face v3="119" v1="102" v2="104"/>
                <face v3="118" v1="102" v2="119"/>
                <face v3="120" v1="104" v2="106"/>
                <face v3="119" v1="104" v2="120"/>
                <face v3="121" v1="110" v2="109"/>
                <face v3="122" v1="110" v2="121"/>
                <face v3="123" v1="109" v2="112"/>
                <face v3="121" v1="109" v2="123"/>
                <face v3="124" v1="112" v2="114"/>
                <face v3="123" v1="112" v2="124"/>
                <face v3="116" v1="114" v2="98"/>
                <face v3="124" v1="114" v2="116"/>
                <face v3="126" v1="115" v2="125"/>
                <face v3="116" v1="115" v2="126"/>
                <face v3="125" v1="117" v2="127"/>
                <face v3="115" v1="117" v2="125"/>
                <face v3="127" v1="118" v2="128"/>
                <face v3="117" v1="118" v2="127"/>
                <face v3="128" v1="119" v2="129"/>
                <face v3="118" v1="119" v2="128"/>
                <face v3="129" v1="120" v2="130"/>
                <face v3="119" v1="120" v2="129"/>
                <face v3="132" v1="121" v2="131"/>
                <face v3="122" v1="121" v2="132"/>
                <face v3="131" v1="123" v2="133"/>
                <face v3="121" v1="123" v2="131"/>
                <face v3="133" v1="124" v2="134"/>
                <face v3="123" v1="124" v2="133"/>
                <face v3="134" v1="116" v2="126"/>
                <face v3="124" v1="116" v2="134"/>
                <face v3="137" v1="135" v2="136"/>
                <face v3="138" v1="135" v2="137"/>
                <face v3="140" v1="136" v2="139"/>
                <face v3="137" v1="136" v2="140"/>
                <face v3="142" v1="139" v2="141"/>
                <face v3="140" v1="139" v2="142"/>
                <face v3="144" v1="141" v2="143"/>
                <face v3="142" v1="141" v2="144"/>
                <face v3="146" v1="143" v2="145"/>
                <face v3="144" v1="143" v2="146"/>
                <face v3="149" v1="147" v2="148"/>
                <face v3="150" v1="147" v2="149"/>
                <face v3="152" v1="148" v2="151"/>
                <face v3="149" v1="148" v2="152"/>
                <face v3="154" v1="151" v2="153"/>
                <face v3="152" v1="151" v2="154"/>
                <face v3="138" v1="153" v2="135"/>
                <face v3="154" v1="153" v2="138"/>
                <face v3="155" v1="138" v2="137"/>
                <face v3="156" v1="138" v2="155"/>
                <face v3="157" v1="137" v2="140"/>
                <face v3="155" v1="137" v2="157"/>
                <face v3="158" v1="140" v2="142"/>
                <face v3="157" v1="140" v2="158"/>
                <face v3="159" v1="142" v2="144"/>
                <face v3="158" v1="142" v2="159"/>
                <face v3="160" v1="144" v2="146"/>
                <face v3="159" v1="144" v2="160"/>
                <face v3="161" v1="150" v2="149"/>
                <face v3="162" v1="150" v2="161"/>
                <face v3="163" v1="149" v2="152"/>
                <face v3="161" v1="149" v2="163"/>
                <face v3="164" v1="152" v2="154"/>
                <face v3="163" v1="152" v2="164"/>
                <face v3="164" v1="154" v2="165"/>
                <face v3="156" v1="154" v2="138"/>
                <face v3="165" v1="154" v2="156"/>
                <face v3="166" v1="156" v2="155"/>
                <face v3="167" v1="156" v2="166"/>
                <face v3="168" v1="155" v2="157"/>
                <face v3="166" v1="155" v2="168"/>
                <face v3="169" v1="157" v2="158"/>
                <face v3="168" v1="157" v2="169"/>
                <face v3="170" v1="158" v2="159"/>
                <face v3="169" v1="158" v2="170"/>
                <face v3="171" v1="159" v2="160"/>
                <face v3="170" v1="159" v2="171"/>
                <face v3="172" v1="162" v2="161"/>
                <face v3="173" v1="162" v2="172"/>
                <face v3="174" v1="161" v2="163"/>
                <face v3="172" v1="161" v2="174"/>
                <face v3="175" v1="163" v2="164"/>
                <face v3="174" v1="163" v2="175"/>
                <face v3="176" v1="164" v2="165"/>
                <face v3="175" v1="164" v2="176"/>
                <face v3="167" v1="165" v2="156"/>
                <face v3="176" v1="165" v2="167"/>
                <face v3="177" v1="168" v2="169"/>
                <face v3="177" v1="169" v2="170"/>
                <face v3="177" v1="170" v2="171"/>
                <face v3="177" v1="173" v2="172"/>
                <face v3="167" v1="166" v2="177"/>
                <face v3="168" v1="177" v2="166"/>
                <face v3="172" v1="174" v2="177"/>
                <face v3="174" v1="175" v2="177"/>
                <face v3="175" v1="176" v2="177"/>
                <face v3="176" v1="167" v2="177"/>
                <face v3="178" v1="96" v2="95"/>
                <face v3="178" v1="99" v2="96"/>
                <face v3="178" v1="101" v2="99"/>
                <face v3="178" v1="103" v2="101"/>
                <face v3="178" v1="105" v2="103"/>
                <face v3="178" v1="108" v2="107"/>
                <face v3="178" v1="111" v2="108"/>
                <face v3="178" v1="113" v2="111"/>
                <face v3="178" v1="95" v2="113"/>
                <face v3="181" v1="179" v2="180"/>
                <face v3="182" v1="179" v2="181"/>
                <face v3="184" v1="180" v2="183"/>
                <face v3="181" v1="180" v2="184"/>
                <face v3="186" v1="183" v2="185"/>
                <face v3="184" v1="183" v2="186"/>
                <face v3="188" v1="185" v2="187"/>
                <face v3="186" v1="185" v2="188"/>
                <face v3="190" v1="187" v2="189"/>
                <face v3="188" v1="187" v2="190"/>
                <face v3="193" v1="191" v2="192"/>
                <face v3="194" v1="191" v2="193"/>
                <face v3="196" v1="192" v2="195"/>
                <face v3="193" v1="192" v2="196"/>
                <face v3="198" v1="195" v2="197"/>
                <face v3="196" v1="195" v2="198"/>
                <face v3="182" v1="197" v2="179"/>
                <face v3="198" v1="197" v2="182"/>
                <face v3="199" v1="182" v2="181"/>
                <face v3="200" v1="182" v2="199"/>
                <face v3="201" v1="181" v2="184"/>
                <face v3="199" v1="181" v2="201"/>
                <face v3="202" v1="184" v2="186"/>
                <face v3="201" v1="184" v2="202"/>
                <face v3="203" v1="186" v2="188"/>
                <face v3="202" v1="186" v2="203"/>
                <face v3="204" v1="188" v2="190"/>
                <face v3="203" v1="188" v2="204"/>
                <face v3="205" v1="194" v2="193"/>
                <face v3="206" v1="194" v2="205"/>
                <face v3="207" v1="193" v2="196"/>
                <face v3="205" v1="193" v2="207"/>
                <face v3="208" v1="196" v2="198"/>
                <face v3="207" v1="196" v2="208"/>
                <face v3="200" v1="198" v2="182"/>
                <face v3="208" v1="198" v2="200"/>
                <face v3="210" v1="199" v2="209"/>
                <face v3="200" v1="199" v2="210"/>
                <face v3="209" v1="201" v2="211"/>
                <face v3="199" v1="201" v2="209"/>
                <face v3="211" v1="202" v2="212"/>
                <face v3="201" v1="202" v2="211"/>
                <face v3="212" v1="203" v2="213"/>
                <face v3="202" v1="203" v2="212"/>
                <face v3="213" v1="204" v2="214"/>
                <face v3="203" v1="204" v2="213"/>
                <face v3="216" v1="205" v2="215"/>
                <face v3="206" v1="205" v2="216"/>
                <face v3="215" v1="207" v2="217"/>
                <face v3="205" v1="207" v2="215"/>
                <face v3="217" v1="208" v2="218"/>
                <face v3="207" v1="208" v2="217"/>
                <face v3="218" v1="200" v2="210"/>
                <face v3="208" v1="200" v2="218"/>
                <face v3="221" v1="219" v2="220"/>
                <face v3="222" v1="219" v2="221"/>
                <face v3="224" v1="220" v2="223"/>
                <face v3="221" v1="220" v2="224"/>
                <face v3="226" v1="223" v2="225"/>
                <face v3="224" v1="223" v2="226"/>
                <face v3="228" v1="225" v2="227"/>
                <face v3="226" v1="225" v2="228"/>
                <face v3="230" v1="227" v2="229"/>
                <face v3="228" v1="227" v2="230"/>
                <face v3="233" v1="231" v2="232"/>
                <face v3="234" v1="231" v2="233"/>
                <face v3="236" v1="232" v2="235"/>
                <face v3="233" v1="232" v2="236"/>
                <face v3="238" v1="235" v2="237"/>
                <face v3="236" v1="235" v2="238"/>
                <face v3="222" v1="237" v2="219"/>
                <face v3="238" v1="237" v2="222"/>
                <face v3="239" v1="222" v2="221"/>
                <face v3="240" v1="222" v2="239"/>
                <face v3="241" v1="221" v2="224"/>
                <face v3="239" v1="221" v2="241"/>
                <face v3="242" v1="224" v2="226"/>
                <face v3="241" v1="224" v2="242"/>
                <face v3="243" v1="226" v2="228"/>
                <face v3="242" v1="226" v2="243"/>
                <face v3="244" v1="228" v2="230"/>
                <face v3="243" v1="228" v2="244"/>
                <face v3="245" v1="234" v2="233"/>
                <face v3="246" v1="234" v2="245"/>
                <face v3="247" v1="233" v2="236"/>
                <face v3="245" v1="233" v2="247"/>
                <face v3="248" v1="236" v2="238"/>
                <face v3="247" v1="236" v2="248"/>
                <face v3="240" v1="238" v2="222"/>
                <face v3="249" v1="240" v2="239"/>
                <face v3="250" v1="240" v2="249"/>
                <face v3="251" v1="239" v2="241"/>
                <face v3="249" v1="239" v2="251"/>
                <face v3="252" v1="241" v2="242"/>
                <face v3="251" v1="241" v2="252"/>
                <face v3="253" v1="242" v2="243"/>
                <face v3="252" v1="242" v2="253"/>
                <face v3="254" v1="243" v2="244"/>
                <face v3="253" v1="243" v2="254"/>
                <face v3="255" v1="246" v2="245"/>
                <face v3="256" v1="246" v2="255"/>
                <face v3="257" v1="245" v2="247"/>
                <face v3="255" v1="245" v2="257"/>
                <face v3="258" v1="247" v2="248"/>
                <face v3="257" v1="247" v2="258"/>
                <face v3="259" v1="248" v2="238"/>
                <face v3="258" v1="248" v2="259"/>
                <face v3="250" v1="238" v2="240"/>
                <face v3="259" v1="238" v2="250"/>
                <face v3="260" v1="251" v2="252"/>
                <face v3="260" v1="252" v2="253"/>
                <face v3="260" v1="253" v2="254"/>
                <face v3="260" v1="256" v2="255"/>
                <face v3="250" v1="249" v2="260"/>
                <face v3="251" v1="260" v2="249"/>
                <face v3="255" v1="257" v2="260"/>
                <face v3="257" v1="258" v2="260"/>
                <face v3="258" v1="259" v2="260"/>
                <face v3="259" v1="250" v2="260"/>
                <face v3="261" v1="180" v2="179"/>
                <face v3="261" v1="183" v2="180"/>
                <face v3="261" v1="185" v2="183"/>
                <face v3="261" v1="187" v2="185"/>
                <face v3="261" v1="189" v2="187"/>
                <face v3="261" v1="192" v2="191"/>
                <face v3="261" v1="195" v2="192"/>
                <face v3="261" v1="197" v2="195"/>
                <face v3="261" v1="179" v2="197"/>
            </faces>
        </submesh>
    </submeshes>
    <submeshnames>
        <submesh name="Untitled" index="0">
        </submesh>
    </submeshnames>
</mesh>