<?xml version="1.0" encoding="UTF-8"?>
<mesh>
    <sharedgeometry vertexcount="466">
        <vertexbuffer colours_diffuse="False" normals="true" texture_coords="0" positions="true">
            <vertex>
                <position z="-4.327174" y="-0.000000" x="-0.969458"/>
                <normal z="-0.419358" y="-0.347409" x="-0.838717"/>
            </vertex>
            <vertex>
                <position z="-6.266090" y="0.000000" x="0.000000"/>
                <normal z="-0.419358" y="-0.347409" x="-0.838717"/>
            </vertex>
            <vertex>
                <position z="-4.327174" y="-0.685510" x="-0.685510"/>
                <normal z="-0.419358" y="-0.347409" x="-0.838717"/>
            </vertex>
            <vertex>
                <position z="-4.327174" y="-0.969458" x="0.000000"/>
                <normal z="-0.419358" y="-0.838717" x="0.347409"/>
            </vertex>
            <vertex>
                <position z="-6.266090" y="0.000000" x="0.000000"/>
                <normal z="-0.419358" y="-0.838717" x="0.347409"/>
            </vertex>
            <vertex>
                <position z="-4.327174" y="-0.685510" x="0.685510"/>
                <normal z="-0.419358" y="-0.838717" x="0.347409"/>
            </vertex>
            <vertex>
                <position z="-6.266090" y="0.000000" x="0.000000"/>
                <normal z="-0.419358" y="0.347408" x="-0.838717"/>
            </vertex>
            <vertex>
                <position z="-4.327174" y="-0.000000" x="-0.969458"/>
                <normal z="-0.419358" y="0.347408" x="-0.838717"/>
            </vertex>
            <vertex>
                <position z="-4.327174" y="0.685510" x="-0.685510"/>
                <normal z="-0.419358" y="0.347408" x="-0.838717"/>
            </vertex>
            <vertex>
                <position z="-4.327174" y="0.969458" x="-0.000000"/>
                <normal z="-0.419358" y="0.838717" x="-0.347409"/>
            </vertex>
            <vertex>
                <position z="-6.266090" y="0.000000" x="0.000000"/>
                <normal z="-0.419358" y="0.838717" x="-0.347409"/>
            </vertex>
            <vertex>
                <position z="-4.327174" y="0.685510" x="-0.685510"/>
                <normal z="-0.419358" y="0.838717" x="-0.347409"/>
            </vertex>
            <vertex>
                <position z="-4.327174" y="0.685510" x="0.685510"/>
                <normal z="-0.419358" y="0.838717" x="0.347409"/>
            </vertex>
            <vertex>
                <position z="-6.266090" y="0.000000" x="0.000000"/>
                <normal z="-0.419358" y="0.838717" x="0.347409"/>
            </vertex>
            <vertex>
                <position z="-4.327174" y="0.969458" x="-0.000000"/>
                <normal z="-0.419358" y="0.838717" x="0.347409"/>
            </vertex>
            <vertex>
                <position z="-4.327174" y="0.000000" x="0.969458"/>
                <normal z="-0.419358" y="0.347409" x="0.838717"/>
            </vertex>
            <vertex>
                <position z="-6.266090" y="0.000000" x="0.000000"/>
                <normal z="-0.419358" y="0.347409" x="0.838717"/>
            </vertex>
            <vertex>
                <position z="-4.327174" y="0.685510" x="0.685510"/>
                <normal z="-0.419358" y="0.347409" x="0.838717"/>
            </vertex>
            <vertex>
                <position z="-4.327174" y="-0.685510" x="-0.685510"/>
                <normal z="-0.419358" y="-0.838717" x="-0.347409"/>
            </vertex>
            <vertex>
                <position z="-6.266090" y="0.000000" x="0.000000"/>
                <normal z="-0.419358" y="-0.838717" x="-0.347409"/>
            </vertex>
            <vertex>
                <position z="-4.327174" y="-0.969458" x="0.000000"/>
                <normal z="-0.419358" y="-0.838717" x="-0.347409"/>
            </vertex>
            <vertex>
                <position z="-4.327174" y="-0.685510" x="0.685510"/>
                <normal z="-0.419358" y="-0.347409" x="0.838717"/>
            </vertex>
            <vertex>
                <position z="-6.266090" y="0.000000" x="0.000000"/>
                <normal z="-0.419358" y="-0.347409" x="0.838717"/>
            </vertex>
            <vertex>
                <position z="-4.327174" y="0.000000" x="0.969458"/>
                <normal z="-0.419358" y="-0.347409" x="0.838717"/>
            </vertex>
            <vertex>
                <position z="-4.327174" y="0.685510" x="0.685510"/>
                <normal z="1.000000" y="0.000000" x="0.000000"/>
            </vertex>
            <vertex>
                <position z="-4.327174" y="0.969458" x="-0.000000"/>
                <normal z="1.000000" y="0.000000" x="0.000000"/>
            </vertex>
            <vertex>
                <position z="-4.327174" y="0.685510" x="-0.685510"/>
                <normal z="1.000000" y="0.000000" x="0.000000"/>
            </vertex>
            <vertex>
                <position z="-4.327174" y="-0.000000" x="-0.969458"/>
                <normal z="1.000000" y="-0.000000" x="0.000000"/>
            </vertex>
            <vertex>
                <position z="-4.327174" y="-0.000000" x="-0.969458"/>
                <normal z="1.000000" y="-0.000000" x="0.000000"/>
            </vertex>
            <vertex>
                <position z="-4.327174" y="0.000000" x="0.969458"/>
                <normal z="1.000000" y="-0.000000" x="0.000000"/>
            </vertex>
            <vertex>
                <position z="-4.327174" y="0.685510" x="0.685510"/>
                <normal z="1.000000" y="-0.000000" x="0.000000"/>
            </vertex>
            <vertex>
                <position z="-4.327174" y="-0.685510" x="-0.685510"/>
                <normal z="1.000000" y="0.000000" x="-0.000000"/>
            </vertex>
            <vertex>
                <position z="-4.327174" y="-0.685510" x="-0.685510"/>
                <normal z="1.000000" y="0.000000" x="-0.000000"/>
            </vertex>
            <vertex>
                <position z="-4.327174" y="-0.685510" x="0.685510"/>
                <normal z="1.000000" y="0.000000" x="-0.000000"/>
            </vertex>
            <vertex>
                <position z="-4.327174" y="0.000000" x="0.969458"/>
                <normal z="1.000000" y="0.000000" x="-0.000000"/>
            </vertex>
            <vertex>
                <position z="-4.327174" y="-0.969458" x="0.000000"/>
                <normal z="1.000000" y="0.000000" x="-0.000000"/>
            </vertex>
            <vertex>
                <position z="-2.547373" y="0.000000" x="-1.525971"/>
                <normal z="-0.419359" y="-0.347408" x="-0.838717"/>
            </vertex>
            <vertex>
                <position z="-5.599314" y="0.000000" x="0.000000"/>
                <normal z="-0.419359" y="-0.347408" x="-0.838717"/>
            </vertex>
            <vertex>
                <position z="-2.547373" y="-1.079024" x="-1.079024"/>
                <normal z="-0.419359" y="-0.347408" x="-0.838717"/>
            </vertex>
            <vertex>
                <position z="-2.547373" y="-1.525971" x="0.000000"/>
                <normal z="-0.419359" y="-0.838717" x="0.347408"/>
            </vertex>
            <vertex>
                <position z="-5.599314" y="0.000000" x="0.000000"/>
                <normal z="-0.419359" y="-0.838717" x="0.347408"/>
            </vertex>
            <vertex>
                <position z="-2.547373" y="-1.079024" x="1.079024"/>
                <normal z="-0.419359" y="-0.838717" x="0.347408"/>
            </vertex>
            <vertex>
                <position z="-5.599314" y="0.000000" x="0.000000"/>
                <normal z="-0.419359" y="0.347408" x="-0.838717"/>
            </vertex>
            <vertex>
                <position z="-2.547373" y="0.000000" x="-1.525971"/>
                <normal z="-0.419359" y="0.347408" x="-0.838717"/>
            </vertex>
            <vertex>
                <position z="-2.547373" y="1.079024" x="-1.079024"/>
                <normal z="-0.419359" y="0.347408" x="-0.838717"/>
            </vertex>
            <vertex>
                <position z="-2.547373" y="1.525971" x="0.000000"/>
                <normal z="-0.419359" y="0.838717" x="-0.347408"/>
            </vertex>
            <vertex>
                <position z="-5.599314" y="0.000000" x="0.000000"/>
                <normal z="-0.419359" y="0.838717" x="-0.347408"/>
            </vertex>
            <vertex>
                <position z="-2.547373" y="1.079024" x="-1.079024"/>
                <normal z="-0.419359" y="0.838717" x="-0.347408"/>
            </vertex>
            <vertex>
                <position z="-2.547373" y="1.079024" x="1.079024"/>
                <normal z="-0.419359" y="0.838717" x="0.347408"/>
            </vertex>
            <vertex>
                <position z="-5.599314" y="0.000000" x="0.000000"/>
                <normal z="-0.419359" y="0.838717" x="0.347408"/>
            </vertex>
            <vertex>
                <position z="-2.547373" y="1.525971" x="0.000000"/>
                <normal z="-0.419359" y="0.838717" x="0.347408"/>
            </vertex>
            <vertex>
                <position z="-2.547373" y="0.000000" x="1.525971"/>
                <normal z="-0.419359" y="0.347408" x="0.838717"/>
            </vertex>
            <vertex>
                <position z="-5.599314" y="0.000000" x="0.000000"/>
                <normal z="-0.419359" y="0.347408" x="0.838717"/>
            </vertex>
            <vertex>
                <position z="-2.547373" y="1.079024" x="1.079024"/>
                <normal z="-0.419359" y="0.347408" x="0.838717"/>
            </vertex>
            <vertex>
                <position z="-2.547373" y="-1.079024" x="-1.079024"/>
                <normal z="-0.419359" y="-0.838717" x="-0.347408"/>
            </vertex>
            <vertex>
                <position z="-5.599314" y="0.000000" x="0.000000"/>
                <normal z="-0.419359" y="-0.838717" x="-0.347408"/>
            </vertex>
            <vertex>
                <position z="-2.547373" y="-1.525971" x="0.000000"/>
                <normal z="-0.419359" y="-0.838717" x="-0.347408"/>
            </vertex>
            <vertex>
                <position z="-2.547373" y="-1.079024" x="1.079024"/>
                <normal z="-0.419359" y="-0.347408" x="0.838717"/>
            </vertex>
            <vertex>
                <position z="-5.599314" y="0.000000" x="0.000000"/>
                <normal z="-0.419359" y="-0.347408" x="0.838717"/>
            </vertex>
            <vertex>
                <position z="-2.547373" y="0.000000" x="1.525971"/>
                <normal z="-0.419359" y="-0.347408" x="0.838717"/>
            </vertex>
            <vertex>
                <position z="-2.547373" y="1.079024" x="1.079024"/>
                <normal z="1.000000" y="0.000000" x="0.000000"/>
            </vertex>
            <vertex>
                <position z="-2.547373" y="1.525971" x="0.000000"/>
                <normal z="1.000000" y="0.000000" x="0.000000"/>
            </vertex>
            <vertex>
                <position z="-2.547373" y="1.079024" x="-1.079024"/>
                <normal z="1.000000" y="0.000000" x="0.000000"/>
            </vertex>
            <vertex>
                <position z="-2.547373" y="0.000000" x="-1.525971"/>
                <normal z="1.000000" y="-0.000000" x="0.000000"/>
            </vertex>
            <vertex>
                <position z="-2.547373" y="1.079024" x="1.079024"/>
                <normal z="1.000000" y="-0.000000" x="0.000000"/>
            </vertex>
            <vertex>
                <position z="-2.547373" y="1.079024" x="-1.079024"/>
                <normal z="1.000000" y="-0.000000" x="0.000000"/>
            </vertex>
            <vertex>
                <position z="-2.547373" y="0.000000" x="1.525971"/>
                <normal z="1.000000" y="-0.000000" x="-0.000000"/>
            </vertex>
            <vertex>
                <position z="-2.547373" y="-1.079024" x="-1.079024"/>
                <normal z="1.000000" y="0.000000" x="-0.000000"/>
            </vertex>
            <vertex>
                <position z="-2.547373" y="-1.079024" x="1.079024"/>
                <normal z="1.000000" y="0.000000" x="-0.000000"/>
            </vertex>
            <vertex>
                <position z="-2.547373" y="-1.079024" x="-1.079024"/>
                <normal z="1.000000" y="0.000000" x="-0.000000"/>
            </vertex>
            <vertex>
                <position z="-2.547373" y="-1.525971" x="0.000000"/>
                <normal z="1.000000" y="0.000000" x="-0.000000"/>
            </vertex>
            <vertex>
                <position z="-2.547373" y="-1.079024" x="1.079024"/>
                <normal z="1.000000" y="0.000000" x="-0.000000"/>
            </vertex>
            <vertex>
                <position z="-0.656203" y="0.000000" x="-2.086378"/>
                <normal z="-0.419358" y="-0.347408" x="-0.838717"/>
            </vertex>
            <vertex>
                <position z="-4.828959" y="0.000000" x="0.000000"/>
                <normal z="-0.419358" y="-0.347408" x="-0.838717"/>
            </vertex>
            <vertex>
                <position z="-0.656203" y="-1.475292" x="-1.475292"/>
                <normal z="-0.419358" y="-0.347408" x="-0.838717"/>
            </vertex>
            <vertex>
                <position z="-0.656203" y="-2.086378" x="0.000000"/>
                <normal z="-0.419358" y="-0.838717" x="0.347408"/>
            </vertex>
            <vertex>
                <position z="-4.828959" y="0.000000" x="0.000000"/>
                <normal z="-0.419358" y="-0.838717" x="0.347408"/>
            </vertex>
            <vertex>
                <position z="-0.656203" y="-1.475292" x="1.475292"/>
                <normal z="-0.419358" y="-0.838717" x="0.347408"/>
            </vertex>
            <vertex>
                <position z="-4.828959" y="0.000000" x="0.000000"/>
                <normal z="-0.419358" y="0.347408" x="-0.838717"/>
            </vertex>
            <vertex>
                <position z="-0.656203" y="0.000000" x="-2.086378"/>
                <normal z="-0.419358" y="0.347408" x="-0.838717"/>
            </vertex>
            <vertex>
                <position z="-0.656203" y="1.475292" x="-1.475292"/>
                <normal z="-0.419358" y="0.347408" x="-0.838717"/>
            </vertex>
            <vertex>
                <position z="-0.656203" y="2.086378" x="0.000000"/>
                <normal z="-0.419358" y="0.838717" x="-0.347408"/>
            </vertex>
            <vertex>
                <position z="-4.828959" y="0.000000" x="0.000000"/>
                <normal z="-0.419358" y="0.838717" x="-0.347408"/>
            </vertex>
            <vertex>
                <position z="-0.656203" y="1.475292" x="-1.475292"/>
                <normal z="-0.419358" y="0.838717" x="-0.347408"/>
            </vertex>
            <vertex>
                <position z="-0.656203" y="1.475292" x="1.475292"/>
                <normal z="-0.419358" y="0.838717" x="0.347408"/>
            </vertex>
            <vertex>
                <position z="-4.828959" y="0.000000" x="0.000000"/>
                <normal z="-0.419358" y="0.838717" x="0.347408"/>
            </vertex>
            <vertex>
                <position z="-0.656203" y="2.086378" x="0.000000"/>
                <normal z="-0.419358" y="0.838717" x="0.347408"/>
            </vertex>
            <vertex>
                <position z="-0.656203" y="0.000000" x="2.086378"/>
                <normal z="-0.419358" y="0.347408" x="0.838717"/>
            </vertex>
            <vertex>
                <position z="-4.828959" y="0.000000" x="0.000000"/>
                <normal z="-0.419358" y="0.347408" x="0.838717"/>
            </vertex>
            <vertex>
                <position z="-0.656203" y="1.475292" x="1.475292"/>
                <normal z="-0.419358" y="0.347408" x="0.838717"/>
            </vertex>
            <vertex>
                <position z="-0.656203" y="-1.475292" x="-1.475292"/>
                <normal z="-0.419358" y="-0.838717" x="-0.347408"/>
            </vertex>
            <vertex>
                <position z="-4.828959" y="0.000000" x="0.000000"/>
                <normal z="-0.419358" y="-0.838717" x="-0.347408"/>
            </vertex>
            <vertex>
                <position z="-0.656203" y="-2.086378" x="0.000000"/>
                <normal z="-0.419358" y="-0.838717" x="-0.347408"/>
            </vertex>
            <vertex>
                <position z="-0.656203" y="-1.475292" x="1.475292"/>
                <normal z="-0.419358" y="-0.347408" x="0.838717"/>
            </vertex>
            <vertex>
                <position z="-4.828959" y="0.000000" x="0.000000"/>
                <normal z="-0.419358" y="-0.347408" x="0.838717"/>
            </vertex>
            <vertex>
                <position z="-0.656203" y="0.000000" x="2.086378"/>
                <normal z="-0.419358" y="-0.347408" x="0.838717"/>
            </vertex>
            <vertex>
                <position z="-0.656203" y="1.475292" x="1.475292"/>
                <normal z="1.000000" y="0.000000" x="0.000000"/>
            </vertex>
            <vertex>
                <position z="-0.656203" y="2.086378" x="0.000000"/>
                <normal z="1.000000" y="0.000000" x="0.000000"/>
            </vertex>
            <vertex>
                <position z="-0.656203" y="1.475292" x="-1.475292"/>
                <normal z="1.000000" y="0.000000" x="0.000000"/>
            </vertex>
            <vertex>
                <position z="-0.656203" y="0.000000" x="-2.086378"/>
                <normal z="1.000000" y="-0.000000" x="0.000000"/>
            </vertex>
            <vertex>
                <position z="-0.656203" y="0.000000" x="2.086378"/>
                <normal z="1.000000" y="-0.000000" x="-0.000000"/>
            </vertex>
            <vertex>
                <position z="-0.656203" y="-1.475292" x="-1.475292"/>
                <normal z="1.000000" y="0.000000" x="-0.000000"/>
            </vertex>
            <vertex>
                <position z="-0.656203" y="-1.475292" x="1.475292"/>
                <normal z="1.000000" y="0.000000" x="-0.000000"/>
            </vertex>
            <vertex>
                <position z="-0.656203" y="-2.086378" x="0.000000"/>
                <normal z="1.000000" y="0.000000" x="-0.000000"/>
            </vertex>
            <vertex>
                <position z="1.000000" y="-0.630390" x="0.000000"/>
                <normal z="-0.000000" y="-0.923880" x="0.382684"/>
            </vertex>
            <vertex>
                <position z="-1.000000" y="-0.630390" x="0.000000"/>
                <normal z="-0.000000" y="-0.923880" x="0.382684"/>
            </vertex>
            <vertex>
                <position z="-1.000000" y="-0.445753" x="0.445753"/>
                <normal z="-0.000000" y="-0.923880" x="0.382684"/>
            </vertex>
            <vertex>
                <position z="1.000000" y="-0.445753" x="0.445753"/>
                <normal z="-0.000000" y="-0.923880" x="0.382684"/>
            </vertex>
            <vertex>
                <position z="1.000000" y="-0.445753" x="0.445753"/>
                <normal z="-0.000000" y="-0.382684" x="0.923880"/>
            </vertex>
            <vertex>
                <position z="-1.000000" y="-0.445753" x="0.445753"/>
                <normal z="-0.000000" y="-0.382684" x="0.923880"/>
            </vertex>
            <vertex>
                <position z="-1.000000" y="0.000000" x="0.630390"/>
                <normal z="-0.000000" y="-0.382684" x="0.923880"/>
            </vertex>
            <vertex>
                <position z="1.000000" y="0.000000" x="0.630390"/>
                <normal z="-0.000000" y="-0.382684" x="0.923880"/>
            </vertex>
            <vertex>
                <position z="1.000000" y="0.000000" x="0.630390"/>
                <normal z="-0.000000" y="0.382684" x="0.923880"/>
            </vertex>
            <vertex>
                <position z="-1.000000" y="0.000000" x="0.630390"/>
                <normal z="-0.000000" y="0.382684" x="0.923880"/>
            </vertex>
            <vertex>
                <position z="-1.000000" y="0.445753" x="0.445753"/>
                <normal z="-0.000000" y="0.382684" x="0.923880"/>
            </vertex>
            <vertex>
                <position z="1.000000" y="0.445753" x="0.445753"/>
                <normal z="-0.000000" y="0.382684" x="0.923880"/>
            </vertex>
            <vertex>
                <position z="1.000000" y="0.445753" x="0.445753"/>
                <normal z="-0.000000" y="0.923880" x="0.382684"/>
            </vertex>
            <vertex>
                <position z="-1.000000" y="0.445753" x="0.445753"/>
                <normal z="-0.000000" y="0.923880" x="0.382684"/>
            </vertex>
            <vertex>
                <position z="-1.000000" y="0.630390" x="0.000000"/>
                <normal z="-0.000000" y="0.923880" x="0.382684"/>
            </vertex>
            <vertex>
                <position z="1.000000" y="0.630390" x="0.000000"/>
                <normal z="-0.000000" y="0.923880" x="0.382684"/>
            </vertex>
            <vertex>
                <position z="1.000000" y="0.630390" x="0.000000"/>
                <normal z="-0.000000" y="0.923880" x="-0.382684"/>
            </vertex>
            <vertex>
                <position z="-1.000000" y="0.630390" x="0.000000"/>
                <normal z="-0.000000" y="0.923880" x="-0.382684"/>
            </vertex>
            <vertex>
                <position z="-1.000000" y="0.445753" x="-0.445753"/>
                <normal z="-0.000000" y="0.923880" x="-0.382684"/>
            </vertex>
            <vertex>
                <position z="1.000000" y="0.445753" x="-0.445753"/>
                <normal z="-0.000000" y="0.923880" x="-0.382684"/>
            </vertex>
            <vertex>
                <position z="1.000000" y="0.445753" x="-0.445753"/>
                <normal z="-0.000000" y="0.382684" x="-0.923880"/>
            </vertex>
            <vertex>
                <position z="-1.000000" y="0.445753" x="-0.445753"/>
                <normal z="-0.000000" y="0.382684" x="-0.923880"/>
            </vertex>
            <vertex>
                <position z="-1.000000" y="0.000000" x="-0.630390"/>
                <normal z="-0.000000" y="0.382684" x="-0.923880"/>
            </vertex>
            <vertex>
                <position z="1.000000" y="0.000000" x="-0.630390"/>
                <normal z="-0.000000" y="0.382684" x="-0.923880"/>
            </vertex>
            <vertex>
                <position z="-1.000000" y="-0.630390" x="0.000000"/>
                <normal z="-0.000000" y="-0.923880" x="-0.382684"/>
            </vertex>
            <vertex>
                <position z="1.000000" y="-0.630390" x="0.000000"/>
                <normal z="-0.000000" y="-0.923880" x="-0.382684"/>
            </vertex>
            <vertex>
                <position z="1.000000" y="-0.445753" x="-0.445753"/>
                <normal z="-0.000000" y="-0.923880" x="-0.382684"/>
            </vertex>
            <vertex>
                <position z="-1.000000" y="-0.445753" x="-0.445753"/>
                <normal z="-0.000000" y="-0.923880" x="-0.382684"/>
            </vertex>
            <vertex>
                <position z="1.000000" y="0.000000" x="-0.630390"/>
                <normal z="-0.000000" y="-0.382684" x="-0.923880"/>
            </vertex>
            <vertex>
                <position z="-1.000000" y="0.000000" x="-0.630390"/>
                <normal z="-0.000000" y="-0.382684" x="-0.923880"/>
            </vertex>
            <vertex>
                <position z="-1.000000" y="-0.445753" x="-0.445753"/>
                <normal z="-0.000000" y="-0.382684" x="-0.923880"/>
            </vertex>
            <vertex>
                <position z="1.000000" y="-0.445753" x="-0.445753"/>
                <normal z="-0.000000" y="-0.382684" x="-0.923880"/>
            </vertex>
            <vertex>
                <position z="-1.000000" y="-0.445753" x="0.445753"/>
                <normal z="-1.000000" y="0.000000" x="-0.000000"/>
            </vertex>
            <vertex>
                <position z="-1.000000" y="-0.630390" x="0.000000"/>
                <normal z="-1.000000" y="0.000000" x="-0.000000"/>
            </vertex>
            <vertex>
                <position z="-1.000000" y="-0.445753" x="-0.445753"/>
                <normal z="-1.000000" y="0.000000" x="-0.000000"/>
            </vertex>
            <vertex>
                <position z="-1.000000" y="0.000000" x="-0.630390"/>
                <normal z="-1.000000" y="-0.000000" x="0.000000"/>
            </vertex>
            <vertex>
                <position z="-1.000000" y="0.000000" x="0.630390"/>
                <normal z="-1.000000" y="-0.000000" x="0.000000"/>
            </vertex>
            <vertex>
                <position z="-1.000000" y="0.445753" x="-0.445753"/>
                <normal z="-1.000000" y="0.000000" x="0.000000"/>
            </vertex>
            <vertex>
                <position z="-1.000000" y="0.445753" x="0.445753"/>
                <normal z="-1.000000" y="0.000000" x="0.000000"/>
            </vertex>
            <vertex>
                <position z="-1.000000" y="0.630390" x="0.000000"/>
                <normal z="-1.000000" y="0.000000" x="0.000000"/>
            </vertex>
            <vertex>
                <position z="1.000000" y="0.445753" x="0.445753"/>
                <normal z="1.000000" y="0.000000" x="0.000000"/>
            </vertex>
            <vertex>
                <position z="1.000000" y="0.630390" x="0.000000"/>
                <normal z="1.000000" y="0.000000" x="0.000000"/>
            </vertex>
            <vertex>
                <position z="1.000000" y="0.445753" x="-0.445753"/>
                <normal z="1.000000" y="0.000000" x="0.000000"/>
            </vertex>
            <vertex>
                <position z="1.000000" y="0.000000" x="-0.630390"/>
                <normal z="1.000000" y="0.000000" x="0.000000"/>
            </vertex>
            <vertex>
                <position z="1.000000" y="0.000000" x="0.630390"/>
                <normal z="1.000000" y="0.000000" x="0.000000"/>
            </vertex>
            <vertex>
                <position z="1.000000" y="-0.445753" x="-0.445753"/>
                <normal z="1.000000" y="0.000000" x="0.000000"/>
            </vertex>
            <vertex>
                <position z="1.000000" y="-0.445753" x="0.445753"/>
                <normal z="1.000000" y="0.000000" x="0.000000"/>
            </vertex>
            <vertex>
                <position z="1.000000" y="-0.630390" x="0.000000"/>
                <normal z="1.000000" y="0.000000" x="-0.000000"/>
            </vertex>
            <vertex>
                <position z="-5.639106" y="2.166632" x="-3.231045"/>
                <normal z="-0.419358" y="-0.347408" x="-0.838717"/>
            </vertex>
            <vertex>
                <position z="-8.100064" y="2.166632" x="-2.000565"/>
                <normal z="-0.419358" y="-0.347408" x="-0.838717"/>
            </vertex>
            <vertex>
                <position z="-5.639106" y="1.296552" x="-2.870645"/>
                <normal z="-0.419358" y="-0.347408" x="-0.838717"/>
            </vertex>
            <vertex>
                <position z="-5.639106" y="0.936153" x="-2.000565"/>
                <normal z="-0.419359" y="-0.838717" x="0.347408"/>
            </vertex>
            <vertex>
                <position z="-8.100064" y="2.166632" x="-2.000565"/>
                <normal z="-0.419359" y="-0.838717" x="0.347408"/>
            </vertex>
            <vertex>
                <position z="-5.639106" y="1.296552" x="-1.130485"/>
                <normal z="-0.419359" y="-0.838717" x="0.347408"/>
            </vertex>
            <vertex>
                <position z="-8.100064" y="2.166632" x="-2.000565"/>
                <normal z="-0.419358" y="0.347408" x="-0.838717"/>
            </vertex>
            <vertex>
                <position z="-5.639106" y="2.166632" x="-3.231045"/>
                <normal z="-0.419358" y="0.347408" x="-0.838717"/>
            </vertex>
            <vertex>
                <position z="-5.639106" y="3.036712" x="-2.870645"/>
                <normal z="-0.419358" y="0.347408" x="-0.838717"/>
            </vertex>
            <vertex>
                <position z="-5.639106" y="3.397112" x="-2.000565"/>
                <normal z="-0.419358" y="0.838717" x="-0.347408"/>
            </vertex>
            <vertex>
                <position z="-8.100064" y="2.166632" x="-2.000565"/>
                <normal z="-0.419358" y="0.838717" x="-0.347408"/>
            </vertex>
            <vertex>
                <position z="-5.639106" y="3.036712" x="-2.870645"/>
                <normal z="-0.419358" y="0.838717" x="-0.347408"/>
            </vertex>
            <vertex>
                <position z="-5.639106" y="3.036712" x="-1.130485"/>
                <normal z="-0.419359" y="0.838717" x="0.347408"/>
            </vertex>
            <vertex>
                <position z="-8.100064" y="2.166632" x="-2.000565"/>
                <normal z="-0.419359" y="0.838717" x="0.347408"/>
            </vertex>
            <vertex>
                <position z="-5.639106" y="3.397112" x="-2.000565"/>
                <normal z="-0.419359" y="0.838717" x="0.347408"/>
            </vertex>
            <vertex>
                <position z="-5.639106" y="2.166632" x="-0.770086"/>
                <normal z="-0.419358" y="0.347408" x="0.838717"/>
            </vertex>
            <vertex>
                <position z="-8.100064" y="2.166632" x="-2.000565"/>
                <normal z="-0.419358" y="0.347408" x="0.838717"/>
            </vertex>
            <vertex>
                <position z="-5.639106" y="3.036712" x="-1.130485"/>
                <normal z="-0.419358" y="0.347408" x="0.838717"/>
            </vertex>
            <vertex>
                <position z="-5.639106" y="1.296552" x="-2.870645"/>
                <normal z="-0.419358" y="-0.838717" x="-0.347408"/>
            </vertex>
            <vertex>
                <position z="-8.100064" y="2.166632" x="-2.000565"/>
                <normal z="-0.419358" y="-0.838717" x="-0.347408"/>
            </vertex>
            <vertex>
                <position z="-5.639106" y="0.936153" x="-2.000565"/>
                <normal z="-0.419358" y="-0.838717" x="-0.347408"/>
            </vertex>
            <vertex>
                <position z="-5.639106" y="1.296552" x="-1.130485"/>
                <normal z="-0.419358" y="-0.347408" x="0.838717"/>
            </vertex>
            <vertex>
                <position z="-8.100064" y="2.166632" x="-2.000565"/>
                <normal z="-0.419358" y="-0.347408" x="0.838717"/>
            </vertex>
            <vertex>
                <position z="-5.639106" y="2.166632" x="-0.770086"/>
                <normal z="-0.419358" y="-0.347408" x="0.838717"/>
            </vertex>
            <vertex>
                <position z="-5.639106" y="3.036712" x="-1.130485"/>
                <normal z="1.000000" y="0.000000" x="0.000000"/>
            </vertex>
            <vertex>
                <position z="-5.639106" y="3.397112" x="-2.000565"/>
                <normal z="1.000000" y="0.000000" x="0.000000"/>
            </vertex>
            <vertex>
                <position z="-5.639106" y="3.036712" x="-2.870645"/>
                <normal z="1.000000" y="0.000000" x="0.000000"/>
            </vertex>
            <vertex>
                <position z="-5.639106" y="2.166632" x="-3.231045"/>
                <normal z="1.000000" y="-0.000000" x="0.000000"/>
            </vertex>
            <vertex>
                <position z="-5.639106" y="2.166632" x="-0.770086"/>
                <normal z="1.000000" y="-0.000000" x="-0.000000"/>
            </vertex>
            <vertex>
                <position z="-5.639106" y="1.296552" x="-2.870645"/>
                <normal z="1.000000" y="0.000000" x="-0.000000"/>
            </vertex>
            <vertex>
                <position z="-5.639106" y="1.296552" x="-1.130485"/>
                <normal z="1.000000" y="0.000000" x="-0.000000"/>
            </vertex>
            <vertex>
                <position z="-5.639106" y="0.936153" x="-2.000565"/>
                <normal z="1.000000" y="0.000000" x="-0.000000"/>
            </vertex>
            <vertex>
                <position z="-3.380102" y="2.166632" x="-3.937396"/>
                <normal z="-0.419359" y="-0.347408" x="-0.838717"/>
            </vertex>
            <vertex>
                <position z="-7.253762" y="2.166632" x="-2.000565"/>
                <normal z="-0.419359" y="-0.347408" x="-0.838717"/>
            </vertex>
            <vertex>
                <position z="-3.380102" y="0.797087" x="-3.370111"/>
                <normal z="-0.419359" y="-0.347408" x="-0.838717"/>
            </vertex>
            <vertex>
                <position z="-3.380102" y="0.229801" x="-2.000565"/>
                <normal z="-0.419359" y="-0.838717" x="0.347408"/>
            </vertex>
            <vertex>
                <position z="-7.253762" y="2.166632" x="-2.000565"/>
                <normal z="-0.419359" y="-0.838717" x="0.347408"/>
            </vertex>
            <vertex>
                <position z="-3.380102" y="0.797087" x="-0.631020"/>
                <normal z="-0.419359" y="-0.838717" x="0.347408"/>
            </vertex>
            <vertex>
                <position z="-7.253762" y="2.166632" x="-2.000565"/>
                <normal z="-0.419359" y="0.347408" x="-0.838717"/>
            </vertex>
            <vertex>
                <position z="-3.380102" y="2.166632" x="-3.937396"/>
                <normal z="-0.419359" y="0.347408" x="-0.838717"/>
            </vertex>
            <vertex>
                <position z="-3.380102" y="3.536178" x="-3.370111"/>
                <normal z="-0.419359" y="0.347408" x="-0.838717"/>
            </vertex>
            <vertex>
                <position z="-3.380102" y="4.103463" x="-2.000565"/>
                <normal z="-0.419359" y="0.838717" x="-0.347408"/>
            </vertex>
            <vertex>
                <position z="-7.253762" y="2.166632" x="-2.000565"/>
                <normal z="-0.419359" y="0.838717" x="-0.347408"/>
            </vertex>
            <vertex>
                <position z="-3.380102" y="3.536178" x="-3.370111"/>
                <normal z="-0.419359" y="0.838717" x="-0.347408"/>
            </vertex>
            <vertex>
                <position z="-3.380102" y="3.536178" x="-0.631020"/>
                <normal z="-0.419359" y="0.838717" x="0.347409"/>
            </vertex>
            <vertex>
                <position z="-7.253762" y="2.166632" x="-2.000565"/>
                <normal z="-0.419359" y="0.838717" x="0.347409"/>
            </vertex>
            <vertex>
                <position z="-3.380102" y="4.103463" x="-2.000565"/>
                <normal z="-0.419359" y="0.838717" x="0.347409"/>
            </vertex>
            <vertex>
                <position z="-3.380102" y="2.166632" x="-0.063734"/>
                <normal z="-0.419359" y="0.347408" x="0.838717"/>
            </vertex>
            <vertex>
                <position z="-7.253762" y="2.166632" x="-2.000565"/>
                <normal z="-0.419359" y="0.347408" x="0.838717"/>
            </vertex>
            <vertex>
                <position z="-3.380102" y="3.536178" x="-0.631020"/>
                <normal z="-0.419359" y="0.347408" x="0.838717"/>
            </vertex>
            <vertex>
                <position z="-3.380102" y="0.797087" x="-3.370111"/>
                <normal z="-0.419359" y="-0.838717" x="-0.347408"/>
            </vertex>
            <vertex>
                <position z="-7.253762" y="2.166632" x="-2.000565"/>
                <normal z="-0.419359" y="-0.838717" x="-0.347408"/>
            </vertex>
            <vertex>
                <position z="-3.380102" y="0.229801" x="-2.000565"/>
                <normal z="-0.419359" y="-0.838717" x="-0.347408"/>
            </vertex>
            <vertex>
                <position z="-3.380102" y="0.797087" x="-0.631020"/>
                <normal z="-0.419359" y="-0.347408" x="0.838717"/>
            </vertex>
            <vertex>
                <position z="-7.253762" y="2.166632" x="-2.000565"/>
                <normal z="-0.419359" y="-0.347408" x="0.838717"/>
            </vertex>
            <vertex>
                <position z="-3.380102" y="2.166632" x="-0.063734"/>
                <normal z="-0.419359" y="-0.347408" x="0.838717"/>
            </vertex>
            <vertex>
                <position z="-3.380102" y="3.536178" x="-0.631020"/>
                <normal z="1.000000" y="0.000000" x="0.000000"/>
            </vertex>
            <vertex>
                <position z="-3.380102" y="4.103463" x="-2.000565"/>
                <normal z="1.000000" y="0.000000" x="0.000000"/>
            </vertex>
            <vertex>
                <position z="-3.380102" y="3.536178" x="-3.370111"/>
                <normal z="1.000000" y="0.000000" x="0.000000"/>
            </vertex>
            <vertex>
                <position z="-3.380102" y="2.166632" x="-3.937396"/>
                <normal z="1.000000" y="-0.000000" x="0.000000"/>
            </vertex>
            <vertex>
                <position z="-3.380102" y="3.536178" x="-0.631020"/>
                <normal z="1.000000" y="-0.000000" x="0.000000"/>
            </vertex>
            <vertex>
                <position z="-3.380102" y="3.536178" x="-3.370111"/>
                <normal z="1.000000" y="-0.000000" x="0.000000"/>
            </vertex>
            <vertex>
                <position z="-3.380102" y="2.166632" x="-0.063734"/>
                <normal z="1.000000" y="-0.000000" x="-0.000000"/>
            </vertex>
            <vertex>
                <position z="-3.380102" y="0.797087" x="-3.370111"/>
                <normal z="1.000000" y="0.000000" x="-0.000000"/>
            </vertex>
            <vertex>
                <position z="-3.380102" y="0.797087" x="-0.631020"/>
                <normal z="1.000000" y="0.000000" x="-0.000000"/>
            </vertex>
            <vertex>
                <position z="-3.380102" y="0.229801" x="-2.000565"/>
                <normal z="1.000000" y="0.000000" x="-0.000000"/>
            </vertex>
            <vertex>
                <position z="-0.979745" y="2.166632" x="-4.648690"/>
                <normal z="-0.419359" y="-0.347408" x="-0.838717"/>
            </vertex>
            <vertex>
                <position z="-6.275993" y="2.166632" x="-2.000565"/>
                <normal z="-0.419359" y="-0.347408" x="-0.838717"/>
            </vertex>
            <vertex>
                <position z="-0.979745" y="0.294126" x="-3.873072"/>
                <normal z="-0.419359" y="-0.347408" x="-0.838717"/>
            </vertex>
            <vertex>
                <position z="-0.979745" y="-0.481492" x="-2.000565"/>
                <normal z="-0.419359" y="-0.838717" x="0.347408"/>
            </vertex>
            <vertex>
                <position z="-6.275993" y="2.166632" x="-2.000565"/>
                <normal z="-0.419359" y="-0.838717" x="0.347408"/>
            </vertex>
            <vertex>
                <position z="-0.979745" y="0.294126" x="-0.128059"/>
                <normal z="-0.419359" y="-0.838717" x="0.347408"/>
            </vertex>
            <vertex>
                <position z="-6.275993" y="2.166632" x="-2.000565"/>
                <normal z="-0.419359" y="0.347408" x="-0.838717"/>
            </vertex>
            <vertex>
                <position z="-0.979745" y="2.166632" x="-4.648690"/>
                <normal z="-0.419359" y="0.347408" x="-0.838717"/>
            </vertex>
            <vertex>
                <position z="-0.979745" y="4.039139" x="-3.873072"/>
                <normal z="-0.419359" y="0.347408" x="-0.838717"/>
            </vertex>
            <vertex>
                <position z="-0.979745" y="4.814756" x="-2.000565"/>
                <normal z="-0.419358" y="0.838717" x="-0.347408"/>
            </vertex>
            <vertex>
                <position z="-6.275993" y="2.166632" x="-2.000565"/>
                <normal z="-0.419358" y="0.838717" x="-0.347408"/>
            </vertex>
            <vertex>
                <position z="-0.979745" y="4.039139" x="-3.873072"/>
                <normal z="-0.419358" y="0.838717" x="-0.347408"/>
            </vertex>
            <vertex>
                <position z="-0.979745" y="4.039139" x="-0.128059"/>
                <normal z="-0.419358" y="0.838717" x="0.347408"/>
            </vertex>
            <vertex>
                <position z="-6.275993" y="2.166632" x="-2.000565"/>
                <normal z="-0.419358" y="0.838717" x="0.347408"/>
            </vertex>
            <vertex>
                <position z="-0.979745" y="4.814756" x="-2.000565"/>
                <normal z="-0.419358" y="0.838717" x="0.347408"/>
            </vertex>
            <vertex>
                <position z="-0.979745" y="2.166632" x="0.647559"/>
                <normal z="-0.419358" y="0.347408" x="0.838717"/>
            </vertex>
            <vertex>
                <position z="-6.275993" y="2.166632" x="-2.000565"/>
                <normal z="-0.419358" y="0.347408" x="0.838717"/>
            </vertex>
            <vertex>
                <position z="-0.979745" y="4.039139" x="-0.128059"/>
                <normal z="-0.419358" y="0.347408" x="0.838717"/>
            </vertex>
            <vertex>
                <position z="-0.979745" y="0.294126" x="-3.873072"/>
                <normal z="-0.419359" y="-0.838717" x="-0.347408"/>
            </vertex>
            <vertex>
                <position z="-6.275993" y="2.166632" x="-2.000565"/>
                <normal z="-0.419359" y="-0.838717" x="-0.347408"/>
            </vertex>
            <vertex>
                <position z="-0.979745" y="-0.481492" x="-2.000565"/>
                <normal z="-0.419359" y="-0.838717" x="-0.347408"/>
            </vertex>
            <vertex>
                <position z="-0.979745" y="0.294126" x="-0.128059"/>
                <normal z="-0.419358" y="-0.347408" x="0.838717"/>
            </vertex>
            <vertex>
                <position z="-6.275993" y="2.166632" x="-2.000565"/>
                <normal z="-0.419358" y="-0.347408" x="0.838717"/>
            </vertex>
            <vertex>
                <position z="-0.979745" y="2.166632" x="0.647559"/>
                <normal z="-0.419358" y="-0.347408" x="0.838717"/>
            </vertex>
            <vertex>
                <position z="-0.979745" y="4.039139" x="-0.128059"/>
                <normal z="1.000000" y="0.000000" x="0.000000"/>
            </vertex>
            <vertex>
                <position z="-0.979745" y="4.814756" x="-2.000565"/>
                <normal z="1.000000" y="0.000000" x="0.000000"/>
            </vertex>
            <vertex>
                <position z="-0.979745" y="4.039139" x="-3.873072"/>
                <normal z="1.000000" y="0.000000" x="0.000000"/>
            </vertex>
            <vertex>
                <position z="-0.979745" y="2.166632" x="-4.648690"/>
                <normal z="1.000000" y="-0.000000" x="0.000000"/>
            </vertex>
            <vertex>
                <position z="-0.979745" y="2.166632" x="-4.648690"/>
                <normal z="1.000000" y="-0.000000" x="-0.000000"/>
            </vertex>
            <vertex>
                <position z="-0.979745" y="2.166632" x="0.647559"/>
                <normal z="1.000000" y="-0.000000" x="-0.000000"/>
            </vertex>
            <vertex>
                <position z="-0.979745" y="4.039139" x="-0.128059"/>
                <normal z="1.000000" y="-0.000000" x="-0.000000"/>
            </vertex>
            <vertex>
                <position z="-0.979745" y="0.294126" x="-3.873072"/>
                <normal z="1.000000" y="0.000000" x="-0.000000"/>
            </vertex>
            <vertex>
                <position z="-0.979745" y="0.294126" x="-3.873072"/>
                <normal z="1.000000" y="0.000000" x="-0.000000"/>
            </vertex>
            <vertex>
                <position z="-0.979745" y="0.294126" x="-0.128059"/>
                <normal z="1.000000" y="0.000000" x="-0.000000"/>
            </vertex>
            <vertex>
                <position z="-0.979745" y="2.166632" x="0.647559"/>
                <normal z="1.000000" y="0.000000" x="-0.000000"/>
            </vertex>
            <vertex>
                <position z="-0.979745" y="-0.481492" x="-2.000565"/>
                <normal z="1.000000" y="0.000000" x="-0.000000"/>
            </vertex>
            <vertex>
                <position z="-0.979745" y="0.294126" x="-0.128059"/>
                <normal z="1.000000" y="0.000000" x="-0.000000"/>
            </vertex>
            <vertex>
                <position z="1.122382" y="1.366513" x="-2.000565"/>
                <normal z="-0.000000" y="-0.923880" x="0.382683"/>
            </vertex>
            <vertex>
                <position z="-1.416107" y="1.366513" x="-2.000565"/>
                <normal z="-0.000000" y="-0.923880" x="0.382683"/>
            </vertex>
            <vertex>
                <position z="-1.416107" y="1.600863" x="-1.434796"/>
                <normal z="-0.000000" y="-0.923880" x="0.382683"/>
            </vertex>
            <vertex>
                <position z="1.122382" y="1.600863" x="-1.434796"/>
                <normal z="-0.000000" y="-0.923880" x="0.382683"/>
            </vertex>
            <vertex>
                <position z="1.122382" y="1.600863" x="-1.434796"/>
                <normal z="0.000000" y="-0.382684" x="0.923880"/>
            </vertex>
            <vertex>
                <position z="-1.416107" y="1.600863" x="-1.434796"/>
                <normal z="0.000000" y="-0.382684" x="0.923880"/>
            </vertex>
            <vertex>
                <position z="-1.416107" y="2.166632" x="-1.200446"/>
                <normal z="0.000000" y="-0.382684" x="0.923880"/>
            </vertex>
            <vertex>
                <position z="1.122382" y="2.166632" x="-1.200446"/>
                <normal z="0.000000" y="-0.382684" x="0.923880"/>
            </vertex>
            <vertex>
                <position z="1.122382" y="2.166632" x="-1.200446"/>
                <normal z="0.000000" y="0.382684" x="0.923880"/>
            </vertex>
            <vertex>
                <position z="-1.416107" y="2.166632" x="-1.200446"/>
                <normal z="0.000000" y="0.382684" x="0.923880"/>
            </vertex>
            <vertex>
                <position z="-1.416107" y="2.732402" x="-1.434796"/>
                <normal z="0.000000" y="0.382684" x="0.923880"/>
            </vertex>
            <vertex>
                <position z="1.122382" y="2.732402" x="-1.434796"/>
                <normal z="0.000000" y="0.382684" x="0.923880"/>
            </vertex>
            <vertex>
                <position z="1.122382" y="2.732402" x="-1.434796"/>
                <normal z="-0.000000" y="0.923880" x="0.382683"/>
            </vertex>
            <vertex>
                <position z="-1.416107" y="2.732402" x="-1.434796"/>
                <normal z="-0.000000" y="0.923880" x="0.382683"/>
            </vertex>
            <vertex>
                <position z="-1.416107" y="2.966751" x="-2.000565"/>
                <normal z="-0.000000" y="0.923880" x="0.382683"/>
            </vertex>
            <vertex>
                <position z="1.122382" y="2.966751" x="-2.000565"/>
                <normal z="-0.000000" y="0.923880" x="0.382683"/>
            </vertex>
            <vertex>
                <position z="1.122382" y="2.966751" x="-2.000565"/>
                <normal z="-0.000000" y="0.923880" x="-0.382683"/>
            </vertex>
            <vertex>
                <position z="-1.416107" y="2.966751" x="-2.000565"/>
                <normal z="-0.000000" y="0.923880" x="-0.382683"/>
            </vertex>
            <vertex>
                <position z="-1.416107" y="2.732402" x="-2.566335"/>
                <normal z="-0.000000" y="0.923880" x="-0.382683"/>
            </vertex>
            <vertex>
                <position z="1.122382" y="2.732402" x="-2.566335"/>
                <normal z="-0.000000" y="0.923880" x="-0.382683"/>
            </vertex>
            <vertex>
                <position z="1.122382" y="2.732402" x="-2.566335"/>
                <normal z="-0.000000" y="0.382683" x="-0.923880"/>
            </vertex>
            <vertex>
                <position z="-1.416107" y="2.732402" x="-2.566335"/>
                <normal z="-0.000000" y="0.382683" x="-0.923880"/>
            </vertex>
            <vertex>
                <position z="-1.416107" y="2.166632" x="-2.800684"/>
                <normal z="-0.000000" y="0.382683" x="-0.923880"/>
            </vertex>
            <vertex>
                <position z="1.122382" y="2.166632" x="-2.800684"/>
                <normal z="-0.000000" y="0.382683" x="-0.923880"/>
            </vertex>
            <vertex>
                <position z="-1.416107" y="1.366513" x="-2.000565"/>
                <normal z="-0.000000" y="-0.923880" x="-0.382683"/>
            </vertex>
            <vertex>
                <position z="1.122382" y="1.366513" x="-2.000565"/>
                <normal z="-0.000000" y="-0.923880" x="-0.382683"/>
            </vertex>
            <vertex>
                <position z="1.122382" y="1.600863" x="-2.566335"/>
                <normal z="-0.000000" y="-0.923880" x="-0.382683"/>
            </vertex>
            <vertex>
                <position z="-1.416107" y="1.600863" x="-2.566335"/>
                <normal z="-0.000000" y="-0.923880" x="-0.382683"/>
            </vertex>
            <vertex>
                <position z="1.122382" y="2.166632" x="-2.800684"/>
                <normal z="-0.000000" y="-0.382683" x="-0.923880"/>
            </vertex>
            <vertex>
                <position z="-1.416107" y="2.166632" x="-2.800684"/>
                <normal z="-0.000000" y="-0.382683" x="-0.923880"/>
            </vertex>
            <vertex>
                <position z="-1.416107" y="1.600863" x="-2.566335"/>
                <normal z="-0.000000" y="-0.382683" x="-0.923880"/>
            </vertex>
            <vertex>
                <position z="1.122382" y="1.600863" x="-2.566335"/>
                <normal z="-0.000000" y="-0.382683" x="-0.923880"/>
            </vertex>
            <vertex>
                <position z="-1.416107" y="1.600863" x="-1.434796"/>
                <normal z="-1.000000" y="0.000000" x="-0.000000"/>
            </vertex>
            <vertex>
                <position z="-1.416107" y="1.366513" x="-2.000565"/>
                <normal z="-1.000000" y="0.000000" x="-0.000000"/>
            </vertex>
            <vertex>
                <position z="-1.416107" y="1.600863" x="-2.566335"/>
                <normal z="-1.000000" y="0.000000" x="-0.000000"/>
            </vertex>
            <vertex>
                <position z="-1.416107" y="2.166632" x="-2.800684"/>
                <normal z="-1.000000" y="-0.000000" x="0.000000"/>
            </vertex>
            <vertex>
                <position z="-1.416107" y="1.600863" x="-1.434796"/>
                <normal z="-1.000000" y="-0.000000" x="0.000000"/>
            </vertex>
            <vertex>
                <position z="-1.416107" y="1.600863" x="-2.566335"/>
                <normal z="-1.000000" y="-0.000000" x="0.000000"/>
            </vertex>
            <vertex>
                <position z="-1.416107" y="2.166632" x="-1.200446"/>
                <normal z="-1.000000" y="-0.000000" x="0.000000"/>
            </vertex>
            <vertex>
                <position z="-1.416107" y="2.166632" x="-2.800684"/>
                <normal z="-1.000000" y="0.000000" x="0.000000"/>
            </vertex>
            <vertex>
                <position z="-1.416107" y="2.732402" x="-2.566335"/>
                <normal z="-1.000000" y="0.000000" x="0.000000"/>
            </vertex>
            <vertex>
                <position z="-1.416107" y="2.166632" x="-1.200446"/>
                <normal z="-1.000000" y="0.000000" x="0.000000"/>
            </vertex>
            <vertex>
                <position z="-1.416107" y="2.732402" x="-2.566335"/>
                <normal z="-1.000000" y="0.000000" x="0.000000"/>
            </vertex>
            <vertex>
                <position z="-1.416107" y="2.732402" x="-1.434796"/>
                <normal z="-1.000000" y="0.000000" x="0.000000"/>
            </vertex>
            <vertex>
                <position z="-1.416107" y="2.966751" x="-2.000565"/>
                <normal z="-1.000000" y="0.000000" x="0.000000"/>
            </vertex>
            <vertex>
                <position z="-1.416107" y="2.732402" x="-1.434796"/>
                <normal z="-1.000000" y="0.000000" x="0.000000"/>
            </vertex>
            <vertex>
                <position z="1.122382" y="2.732402" x="-1.434796"/>
                <normal z="1.000000" y="0.000000" x="0.000000"/>
            </vertex>
            <vertex>
                <position z="1.122382" y="2.966751" x="-2.000565"/>
                <normal z="1.000000" y="0.000000" x="0.000000"/>
            </vertex>
            <vertex>
                <position z="1.122382" y="2.732402" x="-2.566335"/>
                <normal z="1.000000" y="0.000000" x="0.000000"/>
            </vertex>
            <vertex>
                <position z="1.122382" y="2.732402" x="-1.434796"/>
                <normal z="1.000000" y="0.000000" x="0.000000"/>
            </vertex>
            <vertex>
                <position z="1.122382" y="2.732402" x="-2.566335"/>
                <normal z="1.000000" y="0.000000" x="0.000000"/>
            </vertex>
            <vertex>
                <position z="1.122382" y="2.166632" x="-2.800684"/>
                <normal z="1.000000" y="0.000000" x="0.000000"/>
            </vertex>
            <vertex>
                <position z="1.122382" y="2.166632" x="-1.200446"/>
                <normal z="1.000000" y="0.000000" x="0.000000"/>
            </vertex>
            <vertex>
                <position z="1.122382" y="2.166632" x="-2.800684"/>
                <normal z="1.000000" y="0.000000" x="0.000000"/>
            </vertex>
            <vertex>
                <position z="1.122382" y="1.600863" x="-2.566335"/>
                <normal z="1.000000" y="0.000000" x="0.000000"/>
            </vertex>
            <vertex>
                <position z="1.122382" y="2.166632" x="-1.200446"/>
                <normal z="1.000000" y="0.000000" x="0.000000"/>
            </vertex>
            <vertex>
                <position z="1.122382" y="1.600863" x="-2.566335"/>
                <normal z="1.000000" y="0.000000" x="0.000000"/>
            </vertex>
            <vertex>
                <position z="1.122382" y="1.600863" x="-1.434796"/>
                <normal z="1.000000" y="0.000000" x="0.000000"/>
            </vertex>
            <vertex>
                <position z="1.122382" y="1.366513" x="-2.000565"/>
                <normal z="1.000000" y="0.000000" x="-0.000000"/>
            </vertex>
            <vertex>
                <position z="1.122382" y="1.600863" x="-1.434796"/>
                <normal z="1.000000" y="0.000000" x="-0.000000"/>
            </vertex>
            <vertex>
                <position z="-2.587750" y="2.980441" x="0.291959"/>
                <normal z="-0.419359" y="-0.347408" x="-0.838717"/>
            </vertex>
            <vertex>
                <position z="-3.910753" y="2.980441" x="0.953461"/>
                <normal z="-0.419359" y="-0.347408" x="-0.838717"/>
            </vertex>
            <vertex>
                <position z="-2.587750" y="2.512688" x="0.485708"/>
                <normal z="-0.419359" y="-0.347408" x="-0.838717"/>
            </vertex>
            <vertex>
                <position z="-2.587750" y="2.318939" x="0.953461"/>
                <normal z="-0.419358" y="-0.838717" x="0.347408"/>
            </vertex>
            <vertex>
                <position z="-3.910753" y="2.980441" x="0.953461"/>
                <normal z="-0.419358" y="-0.838717" x="0.347408"/>
            </vertex>
            <vertex>
                <position z="-2.587750" y="2.512688" x="1.421213"/>
                <normal z="-0.419358" y="-0.838717" x="0.347408"/>
            </vertex>
            <vertex>
                <position z="-3.910753" y="2.980441" x="0.953461"/>
                <normal z="-0.419359" y="0.347408" x="-0.838717"/>
            </vertex>
            <vertex>
                <position z="-2.587750" y="2.980441" x="0.291959"/>
                <normal z="-0.419359" y="0.347408" x="-0.838717"/>
            </vertex>
            <vertex>
                <position z="-2.587750" y="3.448193" x="0.485708"/>
                <normal z="-0.419359" y="0.347408" x="-0.838717"/>
            </vertex>
            <vertex>
                <position z="-2.587750" y="3.641943" x="0.953461"/>
                <normal z="-0.419358" y="0.838717" x="-0.347409"/>
            </vertex>
            <vertex>
                <position z="-3.910753" y="2.980441" x="0.953461"/>
                <normal z="-0.419358" y="0.838717" x="-0.347409"/>
            </vertex>
            <vertex>
                <position z="-2.587750" y="3.448193" x="0.485708"/>
                <normal z="-0.419358" y="0.838717" x="-0.347409"/>
            </vertex>
            <vertex>
                <position z="-2.587750" y="3.448193" x="1.421213"/>
                <normal z="-0.419359" y="0.838717" x="0.347409"/>
            </vertex>
            <vertex>
                <position z="-3.910753" y="2.980441" x="0.953461"/>
                <normal z="-0.419359" y="0.838717" x="0.347409"/>
            </vertex>
            <vertex>
                <position z="-2.587750" y="3.641943" x="0.953461"/>
                <normal z="-0.419359" y="0.838717" x="0.347409"/>
            </vertex>
            <vertex>
                <position z="-2.587750" y="2.980441" x="1.614962"/>
                <normal z="-0.419358" y="0.347408" x="0.838717"/>
            </vertex>
            <vertex>
                <position z="-3.910753" y="2.980441" x="0.953461"/>
                <normal z="-0.419358" y="0.347408" x="0.838717"/>
            </vertex>
            <vertex>
                <position z="-2.587750" y="3.448193" x="1.421213"/>
                <normal z="-0.419358" y="0.347408" x="0.838717"/>
            </vertex>
            <vertex>
                <position z="-2.587750" y="2.512688" x="0.485708"/>
                <normal z="-0.419358" y="-0.838717" x="-0.347408"/>
            </vertex>
            <vertex>
                <position z="-3.910753" y="2.980441" x="0.953461"/>
                <normal z="-0.419358" y="-0.838717" x="-0.347408"/>
            </vertex>
            <vertex>
                <position z="-2.587750" y="2.318939" x="0.953461"/>
                <normal z="-0.419358" y="-0.838717" x="-0.347408"/>
            </vertex>
            <vertex>
                <position z="-2.587750" y="2.512688" x="1.421213"/>
                <normal z="-0.419358" y="-0.347408" x="0.838717"/>
            </vertex>
            <vertex>
                <position z="-3.910753" y="2.980441" x="0.953461"/>
                <normal z="-0.419358" y="-0.347408" x="0.838717"/>
            </vertex>
            <vertex>
                <position z="-2.587750" y="2.980441" x="1.614962"/>
                <normal z="-0.419358" y="-0.347408" x="0.838717"/>
            </vertex>
            <vertex>
                <position z="-2.587750" y="3.448193" x="1.421213"/>
                <normal z="1.000000" y="0.000000" x="0.000000"/>
            </vertex>
            <vertex>
                <position z="-2.587750" y="3.641943" x="0.953461"/>
                <normal z="1.000000" y="0.000000" x="0.000000"/>
            </vertex>
            <vertex>
                <position z="-2.587750" y="3.448193" x="0.485708"/>
                <normal z="1.000000" y="0.000000" x="0.000000"/>
            </vertex>
            <vertex>
                <position z="-2.587750" y="2.980441" x="0.291959"/>
                <normal z="1.000000" y="-0.000000" x="0.000000"/>
            </vertex>
            <vertex>
                <position z="-2.587750" y="2.980441" x="0.291959"/>
                <normal z="1.000000" y="-0.000000" x="-0.000000"/>
            </vertex>
            <vertex>
                <position z="-2.587750" y="2.980441" x="1.614962"/>
                <normal z="1.000000" y="-0.000000" x="-0.000000"/>
            </vertex>
            <vertex>
                <position z="-2.587750" y="3.448193" x="1.421213"/>
                <normal z="1.000000" y="-0.000000" x="-0.000000"/>
            </vertex>
            <vertex>
                <position z="-2.587750" y="2.512688" x="0.485708"/>
                <normal z="1.000000" y="0.000000" x="-0.000000"/>
            </vertex>
            <vertex>
                <position z="-2.587750" y="2.512688" x="0.485708"/>
                <normal z="1.000000" y="0.000000" x="-0.000000"/>
            </vertex>
            <vertex>
                <position z="-2.587750" y="2.512688" x="1.421213"/>
                <normal z="1.000000" y="0.000000" x="-0.000000"/>
            </vertex>
            <vertex>
                <position z="-2.587750" y="2.980441" x="1.614962"/>
                <normal z="1.000000" y="0.000000" x="-0.000000"/>
            </vertex>
            <vertex>
                <position z="-2.587750" y="2.318939" x="0.953461"/>
                <normal z="1.000000" y="0.000000" x="-0.000000"/>
            </vertex>
            <vertex>
                <position z="-2.587750" y="2.512688" x="1.421213"/>
                <normal z="1.000000" y="0.000000" x="-0.000000"/>
            </vertex>
            <vertex>
                <position z="-1.373317" y="2.980441" x="-0.087773"/>
                <normal z="-0.419359" y="-0.347408" x="-0.838717"/>
            </vertex>
            <vertex>
                <position z="-3.455784" y="2.980441" x="0.953461"/>
                <normal z="-0.419359" y="-0.347408" x="-0.838717"/>
            </vertex>
            <vertex>
                <position z="-1.373317" y="2.244177" x="0.217197"/>
                <normal z="-0.419359" y="-0.347408" x="-0.838717"/>
            </vertex>
            <vertex>
                <position z="-1.373317" y="1.939207" x="0.953461"/>
                <normal z="-0.419359" y="-0.838717" x="0.347408"/>
            </vertex>
            <vertex>
                <position z="-3.455784" y="2.980441" x="0.953461"/>
                <normal z="-0.419359" y="-0.838717" x="0.347408"/>
            </vertex>
            <vertex>
                <position z="-1.373317" y="2.244177" x="1.689724"/>
                <normal z="-0.419359" y="-0.838717" x="0.347408"/>
            </vertex>
            <vertex>
                <position z="-3.455784" y="2.980441" x="0.953461"/>
                <normal z="-0.419359" y="0.347408" x="-0.838717"/>
            </vertex>
            <vertex>
                <position z="-1.373317" y="2.980441" x="-0.087773"/>
                <normal z="-0.419359" y="0.347408" x="-0.838717"/>
            </vertex>
            <vertex>
                <position z="-1.373317" y="3.716704" x="0.217197"/>
                <normal z="-0.419359" y="0.347408" x="-0.838717"/>
            </vertex>
            <vertex>
                <position z="-1.373317" y="4.021675" x="0.953461"/>
                <normal z="-0.419359" y="0.838717" x="-0.347409"/>
            </vertex>
            <vertex>
                <position z="-3.455784" y="2.980441" x="0.953461"/>
                <normal z="-0.419359" y="0.838717" x="-0.347409"/>
            </vertex>
            <vertex>
                <position z="-1.373317" y="3.716704" x="0.217197"/>
                <normal z="-0.419359" y="0.838717" x="-0.347409"/>
            </vertex>
            <vertex>
                <position z="-1.373317" y="3.716704" x="1.689724"/>
                <normal z="-0.419359" y="0.838717" x="0.347409"/>
            </vertex>
            <vertex>
                <position z="-3.455784" y="2.980441" x="0.953461"/>
                <normal z="-0.419359" y="0.838717" x="0.347409"/>
            </vertex>
            <vertex>
                <position z="-1.373317" y="4.021675" x="0.953461"/>
                <normal z="-0.419359" y="0.838717" x="0.347409"/>
            </vertex>
            <vertex>
                <position z="-1.373317" y="2.980441" x="1.994694"/>
                <normal z="-0.419358" y="0.347408" x="0.838717"/>
            </vertex>
            <vertex>
                <position z="-3.455784" y="2.980441" x="0.953461"/>
                <normal z="-0.419358" y="0.347408" x="0.838717"/>
            </vertex>
            <vertex>
                <position z="-1.373317" y="3.716704" x="1.689724"/>
                <normal z="-0.419358" y="0.347408" x="0.838717"/>
            </vertex>
            <vertex>
                <position z="-1.373317" y="2.244177" x="0.217197"/>
                <normal z="-0.419359" y="-0.838717" x="-0.347408"/>
            </vertex>
            <vertex>
                <position z="-3.455784" y="2.980441" x="0.953461"/>
                <normal z="-0.419359" y="-0.838717" x="-0.347408"/>
            </vertex>
            <vertex>
                <position z="-1.373317" y="1.939207" x="0.953461"/>
                <normal z="-0.419359" y="-0.838717" x="-0.347408"/>
            </vertex>
            <vertex>
                <position z="-1.373317" y="2.244177" x="1.689724"/>
                <normal z="-0.419358" y="-0.347408" x="0.838717"/>
            </vertex>
            <vertex>
                <position z="-3.455784" y="2.980441" x="0.953461"/>
                <normal z="-0.419358" y="-0.347408" x="0.838717"/>
            </vertex>
            <vertex>
                <position z="-1.373317" y="2.980441" x="1.994694"/>
                <normal z="-0.419358" y="-0.347408" x="0.838717"/>
            </vertex>
            <vertex>
                <position z="-1.373317" y="3.716704" x="1.689724"/>
                <normal z="1.000000" y="0.000000" x="0.000000"/>
            </vertex>
            <vertex>
                <position z="-1.373317" y="4.021675" x="0.953461"/>
                <normal z="1.000000" y="0.000000" x="0.000000"/>
            </vertex>
            <vertex>
                <position z="-1.373317" y="3.716704" x="0.217197"/>
                <normal z="1.000000" y="0.000000" x="0.000000"/>
            </vertex>
            <vertex>
                <position z="-1.373317" y="2.980441" x="-0.087773"/>
                <normal z="1.000000" y="-0.000000" x="0.000000"/>
            </vertex>
            <vertex>
                <position z="-1.373317" y="3.716704" x="1.689724"/>
                <normal z="1.000000" y="-0.000000" x="0.000000"/>
            </vertex>
            <vertex>
                <position z="-1.373317" y="3.716704" x="0.217197"/>
                <normal z="1.000000" y="-0.000000" x="0.000000"/>
            </vertex>
            <vertex>
                <position z="-1.373317" y="2.980441" x="1.994694"/>
                <normal z="1.000000" y="-0.000000" x="-0.000000"/>
            </vertex>
            <vertex>
                <position z="-1.373317" y="2.244177" x="0.217197"/>
                <normal z="1.000000" y="0.000000" x="-0.000000"/>
            </vertex>
            <vertex>
                <position z="-1.373317" y="2.244177" x="1.689724"/>
                <normal z="1.000000" y="0.000000" x="-0.000000"/>
            </vertex>
            <vertex>
                <position z="-1.373317" y="1.939207" x="0.953461"/>
                <normal z="1.000000" y="0.000000" x="-0.000000"/>
            </vertex>
            <vertex>
                <position z="-0.082893" y="2.980441" x="-0.470163"/>
                <normal z="-0.419359" y="-0.347408" x="-0.838717"/>
            </vertex>
            <vertex>
                <position z="-2.930138" y="2.980441" x="0.953461"/>
                <normal z="-0.419359" y="-0.347408" x="-0.838717"/>
            </vertex>
            <vertex>
                <position z="-0.082893" y="1.973787" x="-0.053193"/>
                <normal z="-0.419359" y="-0.347408" x="-0.838717"/>
            </vertex>
            <vertex>
                <position z="-0.082893" y="1.556818" x="0.953460"/>
                <normal z="-0.419359" y="-0.838717" x="0.347408"/>
            </vertex>
            <vertex>
                <position z="-2.930138" y="2.980441" x="0.953461"/>
                <normal z="-0.419359" y="-0.838717" x="0.347408"/>
            </vertex>
            <vertex>
                <position z="-0.082893" y="1.973787" x="1.960114"/>
                <normal z="-0.419359" y="-0.838717" x="0.347408"/>
            </vertex>
            <vertex>
                <position z="-2.930138" y="2.980441" x="0.953461"/>
                <normal z="-0.419359" y="0.347408" x="-0.838717"/>
            </vertex>
            <vertex>
                <position z="-0.082893" y="2.980441" x="-0.470163"/>
                <normal z="-0.419359" y="0.347408" x="-0.838717"/>
            </vertex>
            <vertex>
                <position z="-0.082893" y="3.987094" x="-0.053193"/>
                <normal z="-0.419359" y="0.347408" x="-0.838717"/>
            </vertex>
            <vertex>
                <position z="-0.082893" y="4.404064" x="0.953460"/>
                <normal z="-0.419359" y="0.838717" x="-0.347408"/>
            </vertex>
            <vertex>
                <position z="-2.930138" y="2.980441" x="0.953461"/>
                <normal z="-0.419359" y="0.838717" x="-0.347408"/>
            </vertex>
            <vertex>
                <position z="-0.082893" y="3.987094" x="-0.053193"/>
                <normal z="-0.419359" y="0.838717" x="-0.347408"/>
            </vertex>
            <vertex>
                <position z="-0.082893" y="3.987094" x="1.960114"/>
                <normal z="-0.419358" y="0.838717" x="0.347408"/>
            </vertex>
            <vertex>
                <position z="-2.930138" y="2.980441" x="0.953461"/>
                <normal z="-0.419358" y="0.838717" x="0.347408"/>
            </vertex>
            <vertex>
                <position z="-0.082893" y="4.404064" x="0.953460"/>
                <normal z="-0.419358" y="0.838717" x="0.347408"/>
            </vertex>
            <vertex>
                <position z="-0.082893" y="2.980441" x="2.377084"/>
                <normal z="-0.419358" y="0.347408" x="0.838717"/>
            </vertex>
            <vertex>
                <position z="-2.930138" y="2.980441" x="0.953461"/>
                <normal z="-0.419358" y="0.347408" x="0.838717"/>
            </vertex>
            <vertex>
                <position z="-0.082893" y="3.987094" x="1.960114"/>
                <normal z="-0.419358" y="0.347408" x="0.838717"/>
            </vertex>
            <vertex>
                <position z="-0.082893" y="1.973787" x="-0.053193"/>
                <normal z="-0.419359" y="-0.838717" x="-0.347408"/>
            </vertex>
            <vertex>
                <position z="-2.930138" y="2.980441" x="0.953461"/>
                <normal z="-0.419359" y="-0.838717" x="-0.347408"/>
            </vertex>
            <vertex>
                <position z="-0.082893" y="1.556818" x="0.953460"/>
                <normal z="-0.419359" y="-0.838717" x="-0.347408"/>
            </vertex>
            <vertex>
                <position z="-0.082893" y="1.973787" x="1.960114"/>
                <normal z="-0.419358" y="-0.347408" x="0.838717"/>
            </vertex>
            <vertex>
                <position z="-2.930138" y="2.980441" x="0.953461"/>
                <normal z="-0.419358" y="-0.347408" x="0.838717"/>
            </vertex>
            <vertex>
                <position z="-0.082893" y="2.980441" x="2.377084"/>
                <normal z="-0.419358" y="-0.347408" x="0.838717"/>
            </vertex>
            <vertex>
                <position z="-0.082893" y="3.987094" x="1.960114"/>
                <normal z="1.000000" y="0.000000" x="0.000000"/>
            </vertex>
            <vertex>
                <position z="-0.082893" y="4.404064" x="0.953460"/>
                <normal z="1.000000" y="0.000000" x="0.000000"/>
            </vertex>
            <vertex>
                <position z="-0.082893" y="3.987094" x="-0.053193"/>
                <normal z="1.000000" y="0.000000" x="0.000000"/>
            </vertex>
            <vertex>
                <position z="-0.082893" y="2.980441" x="-0.470163"/>
                <normal z="1.000000" y="-0.000000" x="0.000000"/>
            </vertex>
            <vertex>
                <position z="-0.082893" y="2.980441" x="2.377084"/>
                <normal z="1.000000" y="-0.000000" x="-0.000000"/>
            </vertex>
            <vertex>
                <position z="-0.082893" y="1.973787" x="-0.053193"/>
                <normal z="1.000000" y="0.000000" x="-0.000000"/>
            </vertex>
            <vertex>
                <position z="-0.082893" y="1.973787" x="1.960114"/>
                <normal z="1.000000" y="0.000000" x="-0.000000"/>
            </vertex>
            <vertex>
                <position z="-0.082893" y="1.556818" x="0.953460"/>
                <normal z="1.000000" y="0.000000" x="-0.000000"/>
            </vertex>
            <vertex>
                <position z="1.047204" y="2.550299" x="0.953460"/>
                <normal z="0.000000" y="-0.923879" x="0.382684"/>
            </vertex>
            <vertex>
                <position z="-0.317480" y="2.550299" x="0.953461"/>
                <normal z="0.000000" y="-0.923879" x="0.382684"/>
            </vertex>
            <vertex>
                <position z="-0.317480" y="2.676285" x="1.257616"/>
                <normal z="0.000000" y="-0.923879" x="0.382684"/>
            </vertex>
            <vertex>
                <position z="1.047204" y="2.676285" x="1.257616"/>
                <normal z="0.000000" y="-0.923879" x="0.382684"/>
            </vertex>
            <vertex>
                <position z="1.047204" y="2.676285" x="1.257616"/>
                <normal z="-0.000000" y="-0.382684" x="0.923880"/>
            </vertex>
            <vertex>
                <position z="-0.317480" y="2.676285" x="1.257616"/>
                <normal z="-0.000000" y="-0.382684" x="0.923880"/>
            </vertex>
            <vertex>
                <position z="-0.317480" y="2.980441" x="1.383602"/>
                <normal z="-0.000000" y="-0.382684" x="0.923880"/>
            </vertex>
            <vertex>
                <position z="1.047204" y="2.980441" x="1.383602"/>
                <normal z="-0.000000" y="-0.382684" x="0.923880"/>
            </vertex>
            <vertex>
                <position z="1.047204" y="2.980441" x="1.383602"/>
                <normal z="-0.000000" y="0.382684" x="0.923880"/>
            </vertex>
            <vertex>
                <position z="-0.317480" y="2.980441" x="1.383602"/>
                <normal z="-0.000000" y="0.382684" x="0.923880"/>
            </vertex>
            <vertex>
                <position z="-0.317480" y="3.284596" x="1.257616"/>
                <normal z="-0.000000" y="0.382684" x="0.923880"/>
            </vertex>
            <vertex>
                <position z="1.047204" y="3.284596" x="1.257616"/>
                <normal z="-0.000000" y="0.382684" x="0.923880"/>
            </vertex>
            <vertex>
                <position z="1.047204" y="3.284596" x="1.257616"/>
                <normal z="0.000000" y="0.923879" x="0.382684"/>
            </vertex>
            <vertex>
                <position z="-0.317480" y="3.284596" x="1.257616"/>
                <normal z="0.000000" y="0.923879" x="0.382684"/>
            </vertex>
            <vertex>
                <position z="-0.317480" y="3.410582" x="0.953461"/>
                <normal z="0.000000" y="0.923879" x="0.382684"/>
            </vertex>
            <vertex>
                <position z="1.047204" y="3.410582" x="0.953460"/>
                <normal z="0.000000" y="0.923879" x="0.382684"/>
            </vertex>
            <vertex>
                <position z="1.047204" y="3.410582" x="0.953460"/>
                <normal z="-0.000000" y="0.923879" x="-0.382684"/>
            </vertex>
            <vertex>
                <position z="-0.317480" y="3.410582" x="0.953461"/>
                <normal z="-0.000000" y="0.923879" x="-0.382684"/>
            </vertex>
            <vertex>
                <position z="-0.317480" y="3.284596" x="0.649305"/>
                <normal z="-0.000000" y="0.923879" x="-0.382684"/>
            </vertex>
            <vertex>
                <position z="1.047204" y="3.284596" x="0.649305"/>
                <normal z="-0.000000" y="0.923879" x="-0.382684"/>
            </vertex>
            <vertex>
                <position z="1.047204" y="3.284596" x="0.649305"/>
                <normal z="-0.000000" y="0.382684" x="-0.923879"/>
            </vertex>
            <vertex>
                <position z="-0.317480" y="3.284596" x="0.649305"/>
                <normal z="-0.000000" y="0.382684" x="-0.923879"/>
            </vertex>
            <vertex>
                <position z="-0.317480" y="2.980441" x="0.523319"/>
                <normal z="-0.000000" y="0.382684" x="-0.923879"/>
            </vertex>
            <vertex>
                <position z="1.047204" y="2.980441" x="0.523319"/>
                <normal z="-0.000000" y="0.382684" x="-0.923879"/>
            </vertex>
            <vertex>
                <position z="-0.317480" y="2.550299" x="0.953461"/>
                <normal z="-0.000000" y="-0.923879" x="-0.382684"/>
            </vertex>
            <vertex>
                <position z="1.047204" y="2.550299" x="0.953460"/>
                <normal z="-0.000000" y="-0.923879" x="-0.382684"/>
            </vertex>
            <vertex>
                <position z="1.047204" y="2.676285" x="0.649305"/>
                <normal z="-0.000000" y="-0.923879" x="-0.382684"/>
            </vertex>
            <vertex>
                <position z="-0.317480" y="2.676285" x="0.649305"/>
                <normal z="-0.000000" y="-0.923879" x="-0.382684"/>
            </vertex>
            <vertex>
                <position z="1.047204" y="2.980441" x="0.523319"/>
                <normal z="-0.000000" y="-0.382684" x="-0.923879"/>
            </vertex>
            <vertex>
                <position z="-0.317480" y="2.980441" x="0.523319"/>
                <normal z="-0.000000" y="-0.382684" x="-0.923879"/>
            </vertex>
            <vertex>
                <position z="-0.317480" y="2.676285" x="0.649305"/>
                <normal z="-0.000000" y="-0.382684" x="-0.923879"/>
            </vertex>
            <vertex>
                <position z="1.047204" y="2.676285" x="0.649305"/>
                <normal z="-0.000000" y="-0.382684" x="-0.923879"/>
            </vertex>
            <vertex>
                <position z="-0.317480" y="2.676285" x="1.257616"/>
                <normal z="-1.000000" y="0.000000" x="-0.000000"/>
            </vertex>
            <vertex>
                <position z="-0.317480" y="2.550299" x="0.953461"/>
                <normal z="-1.000000" y="0.000000" x="-0.000000"/>
            </vertex>
            <vertex>
                <position z="-0.317480" y="2.676285" x="0.649305"/>
                <normal z="-1.000000" y="0.000000" x="-0.000000"/>
            </vertex>
            <vertex>
                <position z="-0.317480" y="2.980441" x="0.523319"/>
                <normal z="-1.000000" y="-0.000000" x="0.000000"/>
            </vertex>
            <vertex>
                <position z="-0.317480" y="2.980441" x="1.383602"/>
                <normal z="-1.000000" y="-0.000000" x="0.000000"/>
            </vertex>
            <vertex>
                <position z="-0.317480" y="3.284596" x="0.649305"/>
                <normal z="-1.000000" y="0.000000" x="0.000000"/>
            </vertex>
            <vertex>
                <position z="-0.317480" y="3.284596" x="1.257616"/>
                <normal z="-1.000000" y="0.000000" x="0.000000"/>
            </vertex>
            <vertex>
                <position z="-0.317480" y="3.410582" x="0.953461"/>
                <normal z="-1.000000" y="0.000000" x="0.000000"/>
            </vertex>
            <vertex>
                <position z="1.047204" y="3.284596" x="1.257616"/>
                <normal z="1.000000" y="0.000000" x="0.000000"/>
            </vertex>
            <vertex>
                <position z="1.047204" y="3.410582" x="0.953460"/>
                <normal z="1.000000" y="0.000000" x="0.000000"/>
            </vertex>
            <vertex>
                <position z="1.047204" y="3.284596" x="0.649305"/>
                <normal z="1.000000" y="0.000000" x="0.000000"/>
            </vertex>
            <vertex>
                <position z="1.047204" y="2.980441" x="0.523319"/>
                <normal z="1.000000" y="0.000000" x="0.000000"/>
            </vertex>
            <vertex>
                <position z="1.047204" y="2.980441" x="1.383602"/>
                <normal z="1.000000" y="0.000000" x="0.000000"/>
            </vertex>
            <vertex>
                <position z="1.047204" y="2.676285" x="0.649305"/>
                <normal z="1.000000" y="0.000000" x="0.000000"/>
            </vertex>
            <vertex>
                <position z="1.047204" y="2.676285" x="1.257616"/>
                <normal z="1.000000" y="0.000000" x="0.000000"/>
            </vertex>
            <vertex>
                <position z="1.047204" y="2.550299" x="0.953460"/>
                <normal z="1.000000" y="0.000000" x="-0.000000"/>
            </vertex>
        </vertexbuffer>
    </sharedgeometry>
    <submeshes>
        <submesh usesharedvertices="true" use32bitindexes="False" operationtype="triangle_list" material="Material.004">
            <faces count="126">
                <face v2="1" v3="2" v1="0"/>
                <face v2="4" v3="5" v1="3"/>
                <face v2="7" v3="8" v1="6"/>
                <face v2="10" v3="11" v1="9"/>
                <face v2="13" v3="14" v1="12"/>
                <face v2="16" v3="17" v1="15"/>
                <face v2="19" v3="20" v1="18"/>
                <face v2="22" v3="23" v1="21"/>
                <face v2="25" v3="26" v1="24"/>
                <face v2="24" v3="26" v1="27"/>
                <face v2="29" v3="30" v1="28"/>
                <face v2="31" v3="29" v1="28"/>
                <face v2="33" v3="34" v1="32"/>
                <face v2="35" v3="33" v1="32"/>
                <face v2="37" v3="38" v1="36"/>
                <face v2="40" v3="41" v1="39"/>
                <face v2="43" v3="44" v1="42"/>
                <face v2="46" v3="47" v1="45"/>
                <face v2="49" v3="50" v1="48"/>
                <face v2="52" v3="53" v1="51"/>
                <face v2="55" v3="56" v1="54"/>
                <face v2="58" v3="59" v1="57"/>
                <face v2="61" v3="62" v1="60"/>
                <face v2="64" v3="65" v1="63"/>
                <face v2="66" v3="64" v1="63"/>
                <face v2="67" v3="66" v1="63"/>
                <face v2="68" v3="66" v1="67"/>
                <face v2="70" v3="71" v1="69"/>
                <face v2="73" v3="74" v1="72"/>
                <face v2="76" v3="77" v1="75"/>
                <face v2="79" v3="80" v1="78"/>
                <face v2="82" v3="83" v1="81"/>
                <face v2="85" v3="86" v1="84"/>
                <face v2="88" v3="89" v1="87"/>
                <face v2="91" v3="92" v1="90"/>
                <face v2="94" v3="95" v1="93"/>
                <face v2="97" v3="98" v1="96"/>
                <face v2="96" v3="98" v1="99"/>
                <face v2="100" v3="96" v1="99"/>
                <face v2="101" v3="100" v1="99"/>
                <face v2="102" v3="100" v1="101"/>
                <face v2="103" v3="102" v1="101"/>
                <face v2="153" v3="154" v1="152"/>
                <face v2="156" v3="157" v1="155"/>
                <face v2="159" v3="160" v1="158"/>
                <face v2="162" v3="163" v1="161"/>
                <face v2="165" v3="166" v1="164"/>
                <face v2="168" v3="169" v1="167"/>
                <face v2="171" v3="172" v1="170"/>
                <face v2="174" v3="175" v1="173"/>
                <face v2="177" v3="178" v1="176"/>
                <face v2="176" v3="178" v1="179"/>
                <face v2="180" v3="176" v1="179"/>
                <face v2="181" v3="180" v1="179"/>
                <face v2="182" v3="180" v1="181"/>
                <face v2="183" v3="182" v1="181"/>
                <face v2="185" v3="186" v1="184"/>
                <face v2="188" v3="189" v1="187"/>
                <face v2="191" v3="192" v1="190"/>
                <face v2="194" v3="195" v1="193"/>
                <face v2="197" v3="198" v1="196"/>
                <face v2="200" v3="201" v1="199"/>
                <face v2="203" v3="204" v1="202"/>
                <face v2="206" v3="207" v1="205"/>
                <face v2="209" v3="210" v1="208"/>
                <face v2="212" v3="213" v1="211"/>
                <face v2="214" v3="212" v1="211"/>
                <face v2="215" v3="214" v1="211"/>
                <face v2="216" v3="214" v1="215"/>
                <face v2="217" v3="216" v1="215"/>
                <face v2="219" v3="220" v1="218"/>
                <face v2="222" v3="223" v1="221"/>
                <face v2="225" v3="226" v1="224"/>
                <face v2="228" v3="229" v1="227"/>
                <face v2="231" v3="232" v1="230"/>
                <face v2="234" v3="235" v1="233"/>
                <face v2="237" v3="238" v1="236"/>
                <face v2="240" v3="241" v1="239"/>
                <face v2="243" v3="244" v1="242"/>
                <face v2="242" v3="244" v1="245"/>
                <face v2="247" v3="248" v1="246"/>
                <face v2="249" v3="247" v1="246"/>
                <face v2="251" v3="252" v1="250"/>
                <face v2="253" v3="254" v1="249"/>
                <face v2="316" v3="317" v1="315"/>
                <face v2="319" v3="320" v1="318"/>
                <face v2="322" v3="323" v1="321"/>
                <face v2="325" v3="326" v1="324"/>
                <face v2="328" v3="329" v1="327"/>
                <face v2="331" v3="332" v1="330"/>
                <face v2="334" v3="335" v1="333"/>
                <face v2="337" v3="338" v1="336"/>
                <face v2="340" v3="341" v1="339"/>
                <face v2="339" v3="341" v1="342"/>
                <face v2="344" v3="345" v1="343"/>
                <face v2="346" v3="344" v1="343"/>
                <face v2="348" v3="349" v1="347"/>
                <face v2="350" v3="351" v1="346"/>
                <face v2="353" v3="354" v1="352"/>
                <face v2="356" v3="357" v1="355"/>
                <face v2="359" v3="360" v1="358"/>
                <face v2="362" v3="363" v1="361"/>
                <face v2="365" v3="366" v1="364"/>
                <face v2="368" v3="369" v1="367"/>
                <face v2="371" v3="372" v1="370"/>
                <face v2="374" v3="375" v1="373"/>
                <face v2="377" v3="378" v1="376"/>
                <face v2="380" v3="381" v1="379"/>
                <face v2="382" v3="380" v1="379"/>
                <face v2="383" v3="382" v1="379"/>
                <face v2="384" v3="382" v1="383"/>
                <face v2="385" v3="384" v1="383"/>
                <face v2="387" v3="388" v1="386"/>
                <face v2="390" v3="391" v1="389"/>
                <face v2="393" v3="394" v1="392"/>
                <face v2="396" v3="397" v1="395"/>
                <face v2="399" v3="400" v1="398"/>
                <face v2="402" v3="403" v1="401"/>
                <face v2="405" v3="406" v1="404"/>
                <face v2="408" v3="409" v1="407"/>
                <face v2="411" v3="412" v1="410"/>
                <face v2="410" v3="412" v1="413"/>
                <face v2="414" v3="410" v1="413"/>
                <face v2="415" v3="414" v1="413"/>
                <face v2="416" v3="414" v1="415"/>
                <face v2="417" v3="416" v1="415"/>
            </faces>
        </submesh>
        <submesh usesharedvertices="true" use32bitindexes="False" operationtype="triangle_list" material="Material.003">
            <faces count="84">
                <face v2="105" v3="106" v1="104"/>
                <face v2="106" v3="107" v1="104"/>
                <face v2="109" v3="110" v1="108"/>
                <face v2="110" v3="111" v1="108"/>
                <face v2="113" v3="114" v1="112"/>
                <face v2="114" v3="115" v1="112"/>
                <face v2="117" v3="118" v1="116"/>
                <face v2="118" v3="119" v1="116"/>
                <face v2="121" v3="122" v1="120"/>
                <face v2="122" v3="123" v1="120"/>
                <face v2="125" v3="126" v1="124"/>
                <face v2="126" v3="127" v1="124"/>
                <face v2="129" v3="130" v1="128"/>
                <face v2="130" v3="131" v1="128"/>
                <face v2="133" v3="134" v1="132"/>
                <face v2="134" v3="135" v1="132"/>
                <face v2="137" v3="138" v1="136"/>
                <face v2="136" v3="138" v1="139"/>
                <face v2="140" v3="136" v1="139"/>
                <face v2="141" v3="140" v1="139"/>
                <face v2="142" v3="140" v1="141"/>
                <face v2="143" v3="142" v1="141"/>
                <face v2="145" v3="146" v1="144"/>
                <face v2="146" v3="147" v1="144"/>
                <face v2="144" v3="147" v1="148"/>
                <face v2="147" v3="149" v1="148"/>
                <face v2="149" v3="150" v1="148"/>
                <face v2="151" v3="150" v1="149"/>
                <face v2="256" v3="257" v1="255"/>
                <face v2="257" v3="258" v1="255"/>
                <face v2="260" v3="261" v1="259"/>
                <face v2="261" v3="262" v1="259"/>
                <face v2="264" v3="265" v1="263"/>
                <face v2="265" v3="266" v1="263"/>
                <face v2="268" v3="269" v1="267"/>
                <face v2="269" v3="270" v1="267"/>
                <face v2="272" v3="273" v1="271"/>
                <face v2="273" v3="274" v1="271"/>
                <face v2="276" v3="277" v1="275"/>
                <face v2="277" v3="278" v1="275"/>
                <face v2="280" v3="281" v1="279"/>
                <face v2="281" v3="282" v1="279"/>
                <face v2="284" v3="285" v1="283"/>
                <face v2="285" v3="286" v1="283"/>
                <face v2="288" v3="289" v1="287"/>
                <face v2="291" v3="292" v1="290"/>
                <face v2="293" v3="291" v1="290"/>
                <face v2="295" v3="296" v1="294"/>
                <face v2="298" v3="293" v1="297"/>
                <face v2="299" v3="300" v1="295"/>
                <face v2="302" v3="303" v1="301"/>
                <face v2="305" v3="306" v1="304"/>
                <face v2="301" v3="308" v1="307"/>
                <face v2="308" v3="309" v1="307"/>
                <face v2="311" v3="312" v1="310"/>
                <face v2="313" v3="314" v1="309"/>
                <face v2="419" v3="420" v1="418"/>
                <face v2="420" v3="421" v1="418"/>
                <face v2="423" v3="424" v1="422"/>
                <face v2="424" v3="425" v1="422"/>
                <face v2="427" v3="428" v1="426"/>
                <face v2="428" v3="429" v1="426"/>
                <face v2="431" v3="432" v1="430"/>
                <face v2="432" v3="433" v1="430"/>
                <face v2="435" v3="436" v1="434"/>
                <face v2="436" v3="437" v1="434"/>
                <face v2="439" v3="440" v1="438"/>
                <face v2="440" v3="441" v1="438"/>
                <face v2="443" v3="444" v1="442"/>
                <face v2="444" v3="445" v1="442"/>
                <face v2="447" v3="448" v1="446"/>
                <face v2="448" v3="449" v1="446"/>
                <face v2="451" v3="452" v1="450"/>
                <face v2="450" v3="452" v1="453"/>
                <face v2="454" v3="450" v1="453"/>
                <face v2="455" v3="454" v1="453"/>
                <face v2="456" v3="454" v1="455"/>
                <face v2="457" v3="456" v1="455"/>
                <face v2="459" v3="460" v1="458"/>
                <face v2="460" v3="461" v1="458"/>
                <face v2="458" v3="461" v1="462"/>
                <face v2="461" v3="463" v1="462"/>
                <face v2="463" v3="464" v1="462"/>
                <face v2="465" v3="464" v1="463"/>
            </faces>
        </submesh>
    </submeshes>
    <submeshnames>
        <submesh index="0" name="Material.004">
        </submesh>
        <submesh index="1" name="Material.003">
        </submesh>
    </submeshnames>
</mesh>